date,WCESTUS1,CUSHING,CUSHING_COVER,WCSSTUS1,SPR_FLOW,INV_SURPRISE,SEAS_STOCK,WPULEUS3,UTIL_DEV,WCRFPUS2,WCRRIUS2,WCRIMUS2,WCREXUS2,WCRSTUS1,WDISTUS1,WGTSTUS1
1982-08-20,338764,,,270455,,,9965.670658683,,,,11722,,,609219,149415,
1982-08-27,336138,,,272603,2148,,7339.670658683,,,,11918,,,608741,154589,
1982-09-24,335586,,,276833,,,11690.35625,,,,12375,,,612419,158684,
1982-10-01,334786,,,277633,800,,9001.94011976,,,,12303,,,612419,154461,
1982-10-08,335260,,,278725,1092,,9475.94011976,,,,12062,,,613985,158242,
1982-10-15,326979,,,280802,2077,,1194.94011976,,,,12129,,,607781,161578,
1982-10-22,334370,,,283393,2591,,8585.94011976,,,,11611,,,617763,162934,
1982-10-29,333067,,,284268,875,,7282.94011976,,,,11765,,,617335,163615,
1982-11-05,331057,,,284906,638,,-854.146341463,,,,11751,,,615963,167788,
1982-11-12,323448,,,286198,1292,,-8463.146341463,,,,11777,,,609646,171476,
1982-11-19,331264,,,286335,137,,-647.146341463,,,,11978,,,617599,176408,
1982-11-26,325639,,,288156,1821,,-6272.146341463,,,,11358,,,613795,177220,
1982-12-03,332447,,,289963,1807,,4650.982142857,,,,12192,,,622410,183739,
1982-12-10,337943,,,291509,1546,,10146.982142857,,,,11536,,,629452,186012,
1982-12-17,338912,,,291718,209,,11115.982142857,,,,11462,,,630630,180500,
1982-12-24,335061,,,292488,770,,7264.982142857,,,,11236,,,627549,182191,
1982-12-31,330150,,,293214,726,,2353.982142857,,,,12762,,,623364,181320,
1983-01-07,326701,,,294818,1604,,6742.987730061,,,8634,11735,,,621519,177776,
1983-01-14,339028,,,295440,622,,19069.987730061,,,8634,11481,,,634468,175056,
1983-01-21,334178,,,296684,1244,,14219.987730061,,,8634,11163,,,630862,170674,
1983-01-28,339617,,,298379,1695,,19658.987730061,,,8634,11095,,,637996,169335,
1983-02-04,332527,,,300917,2538,,6842.295302013,,,8660,10825,,,633444,164140,
1983-02-11,338719,,,301960,1043,,13034.295302013,,,8660,10907,,,640679,156851,
1983-02-18,342040,,,303746,1786,,16355.295302013,,,8660,10903,,,645786,151762,
1983-02-25,349452,,,305348,1602,,23767.295302013,,,8660,10899,,,654800,147669,
1983-03-04,339216,,,306964,1616,,5612.10909091,,,8677,10714,,,646180,143232,
1983-03-11,341753,,,308517,1553,,8149.10909091,,,8677,10780,,,650270,140328,
1983-03-18,335901,,,309756,1239,,2297.10909091,,,8677,10923,,,645657,134386,
1983-03-25,337155,,,310320,564,,3551.10909091,,,8677,11245,,,647475,130691,
1983-04-01,331215,,,311841,1521,,-9153.407643312,,,8677,10927,,,643056,120716,
1983-04-08,335263,,,313583,1742,,-5105.407643312,,,8686,11411,,,648846,113374,
1983-04-15,340539,,,314817,1234,,170.592356688,,,8686,11384,,,655356,108005,
1983-04-29,342707,,,317456,,,2338.592356688,,,8686,11820,,,660163,103591,
1983-05-13,342703,,,320749,,,-1201.734567901,,,8682,11636,,,663452,105353,
1983-05-20,345545,,,324116,3367,,1640.265432099,,,8682,11761,,,669661,105660,
1983-06-03,334607,,,326832,,,-7443.339622642,,,8676,12312,,,661439,106526,
1983-06-10,333407,,,327402,570,,-8643.339622642,,,8676,12081,,,660809,110887,
1983-06-17,332713,,,327971,569,,-9337.339622642,,,8676,12366,,,660684,110489,
1983-06-24,331611,,,330079,2108,,-10439.339622642,,,8676,12426,,,661690,110184,
1983-07-01,333387,,,332136,2057,,-1363.030674847,,,8676,12340,,,665523,111977,
1983-07-08,326776,,,334661,2525,,-7974.030674847,,,8647,12382,,,661437,118492,
1983-07-15,324265,,,335797,1136,,-10485.030674847,,,8647,12495,,,660062,122288,
1983-07-22,323643,,,337901,2104,,-11107.030674847,,,8647,12647,,,661544,125013,
1983-07-29,326267,,,339962,2061,,-8483.030674847,,,8647,12672,,,666229,129243,
1983-08-05,322642,,,341779,1817,,-6156.329341317,,,8653,12394,,,664421,131400,
1983-08-12,314861,,,343932,2153,,-13937.329341317,,,8653,12316,,,658793,134269,
1983-08-19,320879,,,345689,1757,,-7919.329341317,,,8653,12609,,,666568,137558,
1983-08-26,325015,,,349031,3342,,-3783.329341317,,,8653,11835,,,674046,138537,
1983-09-02,328895,,,351783,2752,,4999.35625,,,8666,12317,,,680678,142766,
1983-09-09,326370,,,353339,1556,,2474.35625,,,8666,12898,,,679709,146674,
1983-09-16,328092,,,355695,2356,,4196.35625,,,8666,12941,,,683787,150449,
1983-09-23,328203,,,358289,2594,,4307.35625,,,8666,12447,,,686492,153838,
1983-09-30,329028,,,360456,2167,,5132.35625,,,8666,12321,,,689484,153527,
1983-10-07,331723,,,361276,820,,5938.94011976,,,8654,12099,,,692999,157008,
1983-10-14,334292,,,364933,3657,,8507.94011976,,,8654,11798,,,699225,157722,
1983-10-21,331681,,,365212,279,,5896.94011976,,,8654,11701,,,696893,161612,
1983-10-28,324210,,,366141,929,,-1574.05988024,,,8654,11681,,,690351,163626,
1983-11-04,335837,,,368324,2183,11727.538461538,3925.853658537,,,8624,11570,,,704161,160034,
1983-11-11,339341,,,369566,1242,3330.442307692,7429.853658537,,,8624,11846,,,708907,162110,
1983-11-18,334859,,,370160,594,-4738.326923077,2947.853658537,,,8624,12146,,,705019,160733,
1983-11-25,330704,,,370630,470,-4316.01923077,-1207.146341463,,,8624,11389,,,701334,160547,
1983-12-02,326264,,,371291,661,-4680.365384615,-1532.017857143,,,8612,12630,,,697555,162001,
1983-12-09,332192,,,374518,3227,5915.153846154,4395.982142857,,,8612,11719,,,706710,159824,
1983-12-16,330911,,,375005,487,-1432.903846154,3114.982142857,,,8612,11736,,,705916,157021,
1983-12-23,326469,,,377184,2179,-4607.923076923,-1327.017857143,,,8612,11495,,,703653,157436,
1983-12-30,327028,,,378309,1125,332.173076923,-768.017857143,,,8612,10694,,,705337,144425,
1984-01-06,328070,,,380664,2355,954.73076923,8111.987730061,,,8659,10639,,,708734,138558,
1984-01-13,331804,,,382600,1936,3518.51923077,11845.987730061,,,8659,11562,,,714404,132425,
1984-01-20,327811,,,383796,1196,-4149.365384615,7852.987730061,,,8659,11801,,,711607,124411,
1984-01-27,324301,,,384455,659,-3483.884615385,4342.987730061,,,8659,11874,,,708756,118970,
1984-02-03,320842,,,384770,315,-3346.75,-4842.704697987,,,8726,12166,,,705612,116726,
1984-02-10,320037,,,385472,702,-700.288461538,-5647.704697987,,,8726,12029,,,705509,117705,
1984-02-17,322097,,,386277,805,2085.75,-3587.704697987,,,8726,12087,,,708374,125895,
1984-02-24,317999,,,386935,658,-4178.192307692,-7685.704697987,,,8726,12268,,,704934,132867,
1984-03-02,317746,,,387234,299,-17.326923077,-15857.89090909,,,8718,12054,,,704980,129907,
1984-03-09,313132,,,387559,325,-4466.73076923,-20471.89090909,,,8718,12249,,,700691,127991,
1984-03-16,312445,,,388737,1178,-346.403846154,-21158.89090909,,,8718,12343,,,701182,121019,
1984-03-23,309072,,,389265,528,-3155.538461538,-24531.89090909,,,8718,11620,,,698337,115454,
1984-03-30,310506,,,391798,2533,1835.403846154,-23097.89090909,,,8718,11851,,,702304,112580,
1984-04-06,320689,,,393499,1701,10620.692307692,-19679.407643312,,,8688,11493,,,714188,104946,
1984-04-13,324087,,,393499,0,3782.403846154,-16281.407643312,,,8688,11817,,,717586,101387,
1984-04-20,323505,,,395330,1831,-459.788461538,-16863.407643312,,,8688,11879,,,718835,98783,
1984-04-27,319724,,,395957,627,-3598.807692308,-20644.407643312,,,8688,12464,,,715681,99220,
1984-05-04,326633,,,397205,1248,7051.365384615,-17271.734567901,,,8753,11641,,,723838,98671,
1984-05-11,332296,,,398454,1249,5696.615384615,-11608.734567901,,,8753,11990,,,730750,97136,
1984-05-18,340510,,,399500,1046,8024.48076923,-3394.734567901,,,8753,12267,,,740010,95694,
1984-05-25,332465,,,400842,1342,-8314.634615385,-11439.734567901,,,8753,12564,,,733307,94254,
1984-06-01,339659,,,402825,1983,7180.538461538,-2391.339622642,,,8743,12842,,,742484,99267,
1984-06-08,342189,,,405194,2369,2432.846153846,138.660377358,,,8743,12414,,,747383,102953,
1984-06-15,338234,,,408365,3171,-4123.884615385,-3816.339622642,,,8743,12338,,,746599,104657,
1984-06-22,331714,,,408730,365,-6626.173076923,-10336.339622642,,,8743,12601,,,740444,111756,
1984-06-29,335999,,,412610,3880,4283.01923077,-6051.339622642,,,8743,12270,,,748609,113277,
1984-07-06,330378,,,413730,1120,-5671.23076923,-4372.030674847,,,8769,12135,,,744108,115533,
1984-07-13,333149,,,417032,3302,2701.73076923,-1601.030674847,,,8769,12266,,,750181,119185,
1984-07-20,339830,,,418845,1813,6510.153846154,5079.969325153,,,8769,12238,,,758675,122417,
1984-07-27,331607,,,420094,1249,-8534.288461538,-3143.030674847,,,8769,12233,,,751701,123507,
1984-08-03,332398,,,423899,3805,688.307692308,3599.670658683,,,8781,12134,,,756297,126057,
1984-08-10,333554,,,426110,2211,968.384615385,4755.670658683,,,8781,12449,,,759664,128721,
1984-08-17,323344,,,427600,1490,-10569.48076923,-5454.329341317,,,8781,12429,,,750944,132176,
1984-08-24,326092,,,428280,680,2700.596153846,-2706.329341317,,,8781,12515,,,754372,133575,
1984-08-31,321597,,,429467,1187,-4515.711538462,-7201.329341317,,,8781,12637,,,751064,136038,
1984-09-07,318672,,,430101,634,-2784.653846154,-5223.64375,,,8759,12466,,,748773,140575,
1984-09-14,318007,,,430101,0,-516.961538462,-5888.64375,,,8759,12643,,,748108,139605,
1984-09-21,306957,,,430407,306,-10856.057692308,-16938.64375,,,8759,12488,,,737364,141027,
1984-09-28,308426,,,431066,659,1877.576923077,-15469.64375,,,8759,12448,,,739492,141939,
1984-10-05,311211,,,432086,1020,3181.192307692,-14573.05988024,,,8847,12134,,,743297,143191,
1984-10-12,318610,,,433080,994,7793.461538462,-7174.05988024,,,8847,12190,,,751690,148298,
1984-10-19,315273,,,433396,316,-3035.423076923,-10511.05988024,,,8847,12166,,,748669,152974,
1984-10-26,320900,,,433895,499,5942.538461538,-4884.05988024,,,8847,12105,,,754795,155641,
1984-11-02,314922,,,436093,2198,-5914.346153846,-16989.146341463,,,8846,12504,,,751015,154929,
1984-11-09,325115,,,438731,2638,10595.211538462,-6796.146341463,,,8846,12195,,,763846,157501,
1984-11-16,334201,,,439228,497,9359.576923077,2289.853658537,,,8846,12090,,,773429,157133,
1984-11-23,332639,,,441273,2045,-1549.346153846,727.853658537,,,8846,12281,,,773912,159417,
1984-11-30,325608,,,443046,1773,-7068.211538462,-6303.146341463,,,8846,12389,,,768654,161646,
1984-12-07,322292,,,444074,1028,-3303.384615385,-5504.017857143,,,8797,12008,,,766366,158118,
1984-12-14,331783,,,446094,2020,9681.384615385,3986.982142857,,,8797,12046,,,777877,155273,
1984-12-21,320537,,,447559,1465,-11262.76923077,-7259.017857143,,,8797,12057,,,768096,155580,
1984-12-28,322281,,,449157,1598,1858.076923077,-5515.017857143,,,8797,11754,,,771438,159499,
1985-01-04,319923,,,450505,1348,-2266.711538462,-35.012269939,,,8929,11649,,,770428,162841,
1985-01-11,324107,,,450851,346,4340.673076923,4148.987730061,,,8929,11502,,,774958,162711,
1985-01-18,326508,,,453800,2949,2549.01923077,6549.987730061,,,8929,11601,,,780308,155146,
1985-01-25,317918,,,454165,365,-8564.942307692,-2040.012269939,,,8929,11564,,,772083,145689,
1985-02-01,309460,,,457232,3067,-8335.25,-16224.704697987,,,8928,11555,,,766692,143350,
1985-02-08,305989,,,457755,523,-3252.115384615,-19695.704697987,,,8928,11585,,,763744,139186,
1985-02-15,298076,,,458106,351,-7642.846153846,-27608.704697987,,,8928,11468,,,756182,133574,
1985-02-22,295928,,,458753,647,-1686.057692308,-29756.704697987,,,8928,11479,,,754681,126365,
1985-03-01,298757,,,459519,766,3253.442307692,-34846.89090909,,,8927,11354,,,758276,123669,
1985-03-08,303198,,,460138,619,4806.173076923,-30405.89090909,,,8927,11382,,,763336,117561,
1985-03-15,307344,,,460398,260,4337.038461538,-26259.89090909,,,8927,11415,,,767742,109990,
1985-03-22,310423,,,461005,607,3177.096153846,-23180.89090909,,,8927,11413,,,771428,103819,
1985-03-29,313149,,,461266,261,2700.01923077,-20454.89090909,,,8927,11525,,,774415,98539,
1985-04-05,302000,,,461617,351,-11199.826923077,-38368.407643312,,,8842,11432,,,763617,98195,
1985-04-12,304744,,,461962,345,3103.403846154,-35624.407643312,,,8842,11780,,,766706,97250,
1985-04-19,309715,,,462387,425,5342.98076923,-30653.407643312,,,8842,11895,,,772102,96263,
1985-04-26,322205,,,464051,1664,12755.192307692,-18163.407643312,,,8842,11852,,,786256,95906,
1985-05-03,330347,,,464940,889,8094.288461538,-13557.734567901,,,8969,11663,,,795287,96584,
1985-05-10,327605,,,466127,1187,-2813.423076923,-16299.734567901,,,8969,12060,,,793732,97349,
1985-05-17,328263,,,467854,1727,748.211538462,-15641.734567901,,,8969,12060,,,796117,99311,
1985-05-24,333896,,,469968,2114,5868.51923077,-10008.734567901,,,8969,11952,,,803864,100847,
1985-05-31,333399,,,471336,1368,-524.51923077,-10505.734567901,,,8969,12353,,,804735,105001,
1985-06-07,330564,,,471930,594,-2714.615384615,-11486.339622642,,,8965,12143,,,802494,105288,
1985-06-14,331306,,,473426,1496,965.557692308,-10744.339622642,,,8965,12191,,,804732,106951,
1985-06-21,330077,,,474619,1193,-1095.76923077,-11973.339622642,,,8965,12358,,,804696,107828,
1985-06-28,323682,,,476150,1531,-6363.51923077,-18368.339622642,,,8965,12411,,,799832,107941,
1985-07-05,320782,,,476571,421,-2663.134615385,-13968.030674847,,,8904,12706,,,797353,110986,
1985-07-12,314931,,,477998,1427,-5666.461538462,-19819.030674847,,,8904,12526,,,792929,112515,
1985-07-19,313728,,,481253,3255,-852.653846154,-21022.030674847,,,8904,12604,,,794981,115151,
1985-07-26,307219,,,482052,799,-6007.038461538,-27531.030674847,,,8904,12529,,,789271,118360,
1985-08-02,302128,,,483533,1481,-4622,-26670.329341317,,,8895,12313,,,785661,115667,
1985-08-09,307275,,,483947,414,5729.115384615,-21523.329341317,,,8895,12130,,,791222,116301,
1985-08-16,304954,,,484640,693,-1815.634615385,-23844.329341317,,,8895,12180,,,789594,117813,
1985-08-23,294068,,,485619,979,-10532.346153846,-34730.329341317,,,8895,12189,,,779687,116902,
1985-08-30,299740,,,486860,1241,6287.846153846,-29058.329341317,,,8895,12178,,,786600,114127,
1985-09-06,294402,,,487383,523,-4917.673076923,-29493.64375,,,8874,11662,,,781785,115710,
1985-09-13,294828,,,487755,372,892.73076923,-29067.64375,,,8874,12027,,,782583,115807,
1985-09-20,289541,,,488019,264,-4841.25,-34354.64375,,,8874,12028,,,777560,114625,
1985-09-27,291175,,,489249,1230,1968.923076923,-32720.64375,,,8874,12259,,,780424,115197,
1985-10-04,294662,,,489254,5,3818.75,-31122.05988024,,,8943,11978,,,783916,114396,
1985-10-11,302337,,,489254,0,7993.25,-23447.05988024,,,8943,12180,,,791591,116264,
1985-10-18,294952,,,489254,0,-7072.057692308,-30832.05988024,,,8943,12517,,,784206,116398,
1985-10-25,298122,,,489616,362,3560.788461538,-27662.05988024,,,8943,12510,,,787738,120726,
1985-11-01,290776,,,489880,264,-6907.961538462,-41135.146341463,,,8932,12239,,,780656,121971,
1985-11-08,290134,,,490140,260,-177.653846154,-41777.146341463,,,8932,12017,,,780274,123068,
1985-11-15,288284,,,490140,0,-1177.288461538,-43627.146341463,,,8932,12475,,,778424,129291,
1985-11-22,291676,,,490794,654,4275.01923077,-40235.146341463,,,8932,12688,,,782470,131966,
1985-11-29,294140,,,491057,263,3251.75,-37771.146341463,,,8932,12384,,,785197,136011,
1985-12-06,300376,,,491827,770,6841.153846154,-27420.017857143,,,8930,12574,,,792203,141370,
1985-12-13,296771,,,492082,255,-3183.538461538,-31025.017857143,,,8930,12484,,,788853,141618,
1985-12-20,300234,,,492607,525,4136.307692308,-27562.017857143,,,8930,12562,,,792841,139919,
1985-12-27,298551,,,492666,59,-1292.557692308,-29245.017857143,,,8930,12553,,,791217,143344,
1986-01-03,305147,,,493316,650,7052.346153846,-14811.012269939,,,8942,12365,,,798463,145080,
1986-01-10,299779,,,492793,-523,-5083.846153846,-20179.012269939,,,8942,12684,,,792572,146695,
1986-01-17,297979,,,492793,0,-1332.153846154,-21979.012269939,,,8942,12598,,,790772,145730,
1986-01-24,305632,,,493506,713,8201.634615385,-14326.012269939,,,8942,12395,,,799138,143604,
1986-01-31,302996,,,494389,883,-2399.73076923,-16962.012269939,,,8942,12388,,,797385,138675,
1986-02-07,311382,,,494392,3,8510.307692308,-14302.704697987,,,8940,11695,,,805774,135529,
1986-02-14,306754,,,494392,0,-4731.711538462,-18930.704697987,,,8940,12050,,,801146,129003,
1986-02-21,300623,,,494724,332,-6297.884615385,-25061.704697987,,,8940,12211,,,795347,123415,
1986-02-28,310183,,,495057,333,9469.711538462,-15501.704697987,,,8939,11925,,,805240,114417,
1986-03-07,313853,,,495782,725,3450.26923077,-19750.89090909,,,8939,11624,,,809635,108817,
1986-03-14,312567,,,495782,0,-1490.903846154,-21036.89090909,,,8939,11552,,,808349,100875,
1986-03-21,314941,,,496188,406,2273.557692308,-18662.89090909,,,8939,11481,,,811129,98526,
1986-03-28,323395,,,496590,402,8367.115384615,-10208.89090909,,,8939,11592,,,819985,97845,
1986-04-04,316315,,,496892,302,-7277.038461538,-24053.407643312,,,8815,11843,,,813207,98896,
1986-04-11,319613,,,497295,403,3022.711538462,-20755.407643312,,,8815,12153,,,816908,97733,
1986-04-18,317219,,,497559,264,-2679.942307692,-23149.407643312,,,8815,12619,,,814778,96523,
1986-04-25,311499,,,498170,611,-5864.307692308,-28869.407643312,,,8815,12568,,,809669,97241,
1986-05-02,317285,,,498784,614,5991.884615385,-26619.734567901,,,8805,12516,,,816069,95321,
1986-05-09,311336,,,498784,0,-5697.807692308,-32568.734567901,,,8805,12966,,,810120,94524,
1986-05-16,303348,,,498784,0,-7675.134615385,-40556.734567901,,,8805,13172,,,802132,93294,
1986-05-23,308590,,,499130,346,5721.134615385,-35314.734567901,,,8805,13306,,,807720,92691,
1986-05-30,305568,,,499479,349,-2535.346153846,-38336.734567901,,,8805,13508,,,805047,97589,
1986-06-06,310824,,,500292,813,5791.211538462,-31226.339622642,,,8792,13352,,,811116,98596,
1986-06-13,299249,,,500695,403,-11195.384615385,-42801.339622642,,,8792,13416,,,799944,100581,
1986-06-20,302543,,,501043,348,3910.48076923,-39507.339622642,,,8792,13295,,,803586,103791,
1986-06-27,303908,,,501384,341,1894.5,-38142.339622642,,,8792,13430,,,805292,104308,
1986-07-04,299341,,,501786,402,-4186.73076923,-35409.030674847,,,8737,12553,,,801127,106458,
1986-07-11,298871,,,502131,345,-57.673076923,-35879.030674847,,,8737,13081,,,801002,107558,
1986-07-18,307065,,,502750,619,8502.846153846,-27685.030674847,,,8737,13064,,,809815,111223,
1986-07-25,310051,,,503095,345,3114.134615385,-24699.030674847,,,8737,12934,,,813146,111673,
1986-08-01,320012,,,503398,303,9906.538461538,-8786.329341317,,,8737,13171,,,823410,118894,
1986-08-08,312924,,,503400,2,-7431.923076923,-15874.329341317,,,8708,13061,,,816324,120734,
1986-08-15,310871,,,504191,791,-2161.634615385,-17927.329341317,,,8708,13253,,,815062,121528,
1986-08-22,308755,,,504578,387,-2229.788461538,-20043.329341317,,,8708,13336,,,813333,128999,
1986-08-29,310955,,,504973,395,1917.557692308,-17843.329341317,,,8708,13349,,,815928,132858,
1986-09-05,306246,,,504973,0,-4924.673076923,-17649.64375,,,8671,13427,,,811219,137082,
1986-09-12,310490,,,505316,343,4016.23076923,-13405.64375,,,8671,13406,,,815806,143584,
1986-09-19,307280,,,505658,342,-3511.192307692,-16615.64375,,,8671,13286,,,812938,145849,
1986-09-26,313278,,,506381,723,5656.865384615,-10617.64375,,,8671,12943,,,819659,148492,
1986-10-03,315751,,,506381,0,2047.942307692,-10033.05988024,,,8773,12598,,,822132,150834,
1986-10-10,313010,,,506381,0,-3146.557692308,-12774.05988024,,,8773,12749,,,819391,153728,
1986-10-17,320001,,,506815,434,6785.75,-5783.05988024,,,8773,12565,,,826816,151815,
1986-10-24,318425,,,506815,0,-2057.711538462,-7359.05988024,,,8773,12722,,,825240,152171,
1986-10-31,327758,,,507518,703,8942.557692308,1973.94011976,,,8773,12762,,,835276,151896,
1986-11-07,315272,,,507894,376,-13197.192307692,-16639.146341463,,,8321,12765,,,823166,153723,
1986-11-14,319679,,,508398,504,3923.576923077,-12232.146341463,,,8321,12587,,,828077,154088,
1986-11-21,318454,,,508398,0,-1828.75,-13457.146341463,,,8321,12964,,,826852,152461,
1986-11-28,321037,,,509267,869,2068.038461538,-10874.146341463,,,8321,13008,,,830304,152632,
1986-12-05,317980,,,509470,203,-3574.25,-9816.017857143,,,8348,12962,,,827450,154533,
1986-12-12,321059,,,509678,208,2740.461538462,-6737.017857143,,,8348,12800,,,830737,155991,
1986-12-19,317982,,,510656,978,-3544.076923077,-9814.017857143,,,8348,12805,,,828638,154341,
1986-12-26,306597,,,511001,345,-11726.307692308,-21199.017857143,,,8348,12718,,,817598,155124,
1987-01-02,307823,,,511564,563,1071.26923077,-12135.012269939,,,8353,12969,,,819387,155830,
1987-01-09,316926,,,511956,392,9051.538461538,-3032.012269939,,,8354,12622,,,828882,155298,
1987-01-16,307260,,,512472,516,-9995.75,-12698.012269939,,,8354,12605,,,819732,151330,
1987-01-23,304234,,,513038,566,-3204.48076923,-15724.012269939,,,8354,12544,,,817272,147992,
1987-01-30,309455,,,513935,897,5247.884615385,-10503.012269939,,,8354,12250,,,823390,143598,
1987-02-06,308479,,,515200,1265,-1100.211538462,-17205.704697987,,,8383,12291,,,823679,138733,
1987-02-13,307917,,,515403,203,-506.173076923,-17767.704697987,,,8383,12256,,,823320,136263,
1987-02-20,308205,,,515809,406,265.634615385,-17479.704697987,,,8383,12221,,,824014,131798,
1987-02-27,311491,,,516491,682,3140.192307692,-14193.704697987,,,8383,12077,,,827982,128370,
1987-03-06,310363,,,516709,218,-1153.153846154,-23240.89090909,,,8336,11662,,,827072,119593,
1987-03-13,305895,,,518066,1357,-4400.884615385,-27708.89090909,,,8336,11706,,,823961,112039,
1987-03-20,313392,,,518411,345,7625.307692308,-20211.89090909,,,8336,12136,,,831803,108793,
1987-03-27,308038,,,518918,507,-5324.211538462,-25565.89090909,,,8336,12215,,,826956,106906,
1987-04-03,314031,,,519979,1061,6288.326923077,-26337.407643312,,,8361,12470,,,834010,106854,
1987-04-10,308491,,,520346,367,-5496.076923077,-31877.407643312,,,8361,12689,,,828837,105764,
1987-04-17,299466,,,520903,557,-8811.115384615,-40902.407643312,,,8361,12521,,,820369,104866,
1987-04-24,298167,,,521250,347,-957.596153846,-42201.407643312,,,8361,12640,,,819417,103623,
1987-05-01,307567,,,521983,733,9656.384615385,-36337.734567901,,,8361,12187,,,829550,99823,
1987-05-08,302611,,,522875,892,-4769.115384615,-41293.734567901,,,8296,12182,,,825486,97865,
1987-05-15,300278,,,523355,480,-2165.211538462,-43626.734567901,,,8296,12291,,,823633,95243,
1987-05-22,303381,,,523844,489,3162.038461538,-40523.734567901,,,8296,12539,,,827225,95885,
1987-05-29,299567,,,524820,976,-3713.826923077,-44337.734567901,,,8296,12886,,,824387,100667,
1987-06-05,300954,,,525735,915,1502.403846154,-41096.339622642,,,8303,12837,,,826689,99287,
1987-06-12,301345,,,526084,349,580.807692308,-40705.339622642,,,8303,12834,,,827429,99450,
1987-06-19,301883,,,526429,345,497.692307692,-40167.339622642,,,8303,13060,,,828312,102666,
1987-06-26,304454,,,526772,343,2583.692307692,-37596.339622642,,,8303,13455,,,831226,103561,
1987-07-03,304943,,,527189,417,478.5,-29807.030674847,,,8287,13394,,,832132,104988,
1987-07-10,302862,,,527987,798,-2188.73076923,-31888.030674847,,,8287,13588,,,830849,109265,
1987-07-17,298706,,,528330,343,-4232.75,-36044.030674847,,,8287,13573,,,827036,111275,
1987-07-24,301702,,,529171,841,3156.75,-33048.030674847,,,8287,13390,,,830873,113447,
1987-07-31,307077,,,529670,499,5535.557692308,-27673.030674847,,,8287,13327,,,836747,113663,
1987-08-07,300958,,,530510,840,-5870.25,-27840.329341317,,,8204,13348,,,831468,114395,
1987-08-14,302412,,,530850,340,1684.115384615,-26386.329341317,,,8204,13335,,,833262,119819,
1987-08-21,309220,,,531288,438,6970.673076923,-19578.329341317,,,8204,13377,,,840508,121360,
1987-08-28,309451,,,531971,683,222.057692308,-19347.329341317,,,8204,13384,,,841422,122472,
1987-09-04,313494,,,531971,0,4071.923076923,-10401.64375,,,8162,13351,,,845465,122354,
1987-09-11,312686,,,532319,348,-947.384615385,-11209.64375,,,8162,13282,,,845005,126626,
1987-09-18,312588,,,533054,735,-140.23076923,-11307.64375,,,8162,13172,,,845642,125585,
1987-09-25,316043,,,533395,341,3352.923076923,-7852.64375,,,8162,13350,,,849438,128599,
1987-10-02,314186,,,533894,499,-1910.173076923,-11598.05988024,,,8281,13119,,,848080,128681,
1987-10-09,310961,,,533894,0,-3194.903846154,-14823.05988024,,,8281,12590,,,844855,128017,
1987-10-16,313755,,,534228,334,2833.403846154,-12029.05988024,,,8281,12899,,,847983,124975,
1987-10-23,316857,,,534961,733,3222.115384615,-8927.05988024,,,8281,12715,,,851818,123177,
1987-10-30,328896,,,535305,344,12069.153846154,3111.94011976,,,8281,12835,,,864201,122894,
1987-11-06,333255,,,536107,802,4337.115384615,1343.853658537,,,8283,12649,,,869362,120537,
1987-11-13,335157,,,536521,414,1556.173076923,3245.853658537,,,8283,12824,,,871678,124785,
1987-11-20,338198,,,537311,790,2743.346153846,6286.853658537,,,8283,13013,,,875509,123920,
1987-11-27,335814,,,537707,396,-2763.692307692,3902.853658537,,,8283,13111,,,873521,122311,
1987-12-04,337304,,,538547,840,1205.826923077,9507.982142857,,,8348,13065,,,875851,127749,
1987-12-11,338654,,,538547,0,978.384615385,10857.982142857,,,8348,12980,,,877201,126770,
1987-12-18,340670,,,539051,504,1677.634615385,12873.982142857,,,8348,13235,,,879721,127849,
1987-12-25,339178,,,540158,1107,-1928.307692308,11381.982142857,,,8348,13308,,,879336,131127,
1988-01-01,333655,,,540659,501,-6149.557692308,13696.987730061,,,8348,13323,,,874314,137169,
1988-01-08,320851,,,540993,334,-13300.76923077,892.987730061,,,8395,13000,,,861844,135783,
1988-01-15,320568,,,541485,492,-358.48076923,609.987730061,,,8395,12926,,,862053,132064,
1988-01-22,319760,,,541485,0,-1063.923076923,-198.012269939,,,8395,12978,,,861245,128517,
1988-01-29,316008,,,542432,947,-4050.576923077,-3950.012269939,,,8395,13164,,,858440,126670,
1988-02-05,317127,,,542720,288,992.98076923,-8557.704697987,,,8353,12934,,,859847,123132,
1988-02-12,312386,,,543212,492,-4907.307692308,-13298.704697987,,,8353,12880,,,855598,117145,
1988-02-19,320876,,,543212,0,8404.057692308,-4808.704697987,,,8353,12668,,,864088,113358,
1988-02-26,324061,,,543656,444,2941.326923077,-1623.704697987,,,8353,12642,,,867717,111688,
1988-03-04,325274,,,544146,490,971.26923077,-8329.89090909,,,8306,12809,,,869420,108209,
1988-03-11,325188,,,544643,497,-372.75,-8415.89090909,,,8306,12891,,,869831,102749,
1988-03-18,328937,,,544643,0,3377.98076923,-4666.89090909,,,8306,13089,,,873580,99110,
1988-03-25,327289,,,544927,284,-1946.942307692,-6314.89090909,,,8306,13190,,,872216,94866,
1988-04-01,328537,,,544927,0,877.788461538,-11831.407643312,,,8306,13064,,,873464,91965,
1988-04-08,333705,,,545779,852,4889.038461538,-6663.407643312,,,8269,12995,,,879484,92650,
1988-04-15,333296,,,546184,405,-893.884615385,-7072.407643312,,,8269,13165,,,879480,94967,
1988-04-22,338077,,,546184,0,4130.423076923,-2291.407643312,,,8269,13351,,,884261,93475,
1988-04-29,335042,,,546690,506,-3802.5,-5326.407643312,,,8269,13097,,,881732,94899,
1988-05-06,340335,,,547258,568,4764.634615385,-3569.734567901,,,8240,13194,,,887593,95317,
1988-05-13,343544,,,547258,0,2483.538461538,-360.734567901,,,8240,13331,,,890802,97503,
1988-05-20,345463,,,547258,0,1086.961538462,1558.265432099,,,8240,13426,,,892721,97961,
1988-05-27,341208,,,547597,339,-5064.26923077,-2696.734567901,,,8240,13373,,,888805,99817,
1988-06-03,343019,,,547938,341,1010.211538462,968.660377358,,,8210,13800,,,890957,103804,
1988-06-10,340370,,,548910,972,-3457.942307692,-1680.339622642,,,8210,13616,,,889280,108435,
1988-06-17,344567,,,548910,0,3446.51923077,2516.660377358,,,8210,13333,,,893477,109966,
1988-06-24,341838,,,549361,451,-3549.846153846,-212.339622642,,,8210,13559,,,891199,110636,
1988-07-01,342310,,,549697,336,-246.923076923,7559.969325153,,,8210,13375,,,892007,112184,
1988-07-08,339783,,,550404,707,-3245.596153846,5032.969325153,,,8189,13491,,,890187,116214,
1988-07-15,334259,,,550748,344,-6234.01923077,-491.030674847,,,8189,13498,,,885007,117214,
1988-07-22,330751,,,551043,295,-4191.711538462,-3999.030674847,,,8189,13690,,,881794,117481,
1988-07-29,332365,,,551345,302,1055.365384615,-2385.030674847,,,8189,13725,,,883710,118668,
1988-08-05,330335,,,551647,302,-2516.307692308,1536.670658683,,,8128,13781,,,881982,119571,
1988-08-12,327971,,,551647,0,-2928.942307692,-827.329341317,,,8128,13686,,,879618,120998,
1988-08-19,323205,,,551647,0,-5257.51923077,-5593.329341317,,,8128,13665,,,874852,123661,
1988-08-26,318511,,,552141,494,-4962.942307692,-10287.329341317,,,8128,13855,,,870652,122162,
1988-09-02,313544,,,552141,0,-5141.23076923,-10351.64375,,,8147,14031,,,865685,125585,
1988-09-09,311683,,,553036,895,-1861.961538462,-12212.64375,,,8147,14089,,,864719,131772,
1988-09-16,305143,,,553036,0,-6520.711538462,-18752.64375,,,8147,13221,,,858179,133801,
1988-09-23,300430,,,553544,508,-4569.826923077,-23465.64375,,,8147,12708,,,853974,134913,
1988-09-30,306036,,,554146,602,5906.25,-17859.64375,,,8147,13332,,,860182,134735,
1988-10-07,305450,,,554146,0,-429.26923077,-20334.05988024,,,8085,13100,,,859596,134050,
1988-10-14,310447,,,554649,503,5102.98076923,-15337.05988024,,,8085,13191,,,865096,133318,
1988-10-21,315085,,,555160,511,4701.615384615,-10699.05988024,,,8085,13157,,,870245,128848,
1988-10-28,316401,,,556003,843,1350.076923077,-9383.05988024,,,8085,12913,,,872404,130645,
1988-11-04,322097,,,556001,-2,5936.288461538,-9814.146341463,,,8026,13130,,,878098,129711,
1988-11-11,318675,,,556844,843,-3207.423076923,-13236.146341463,,,8026,12951,,,875519,127212,
1988-11-18,326823,,,557680,836,8464.961538462,-5088.146341463,,,8026,13085,,,884503,128162,
1988-11-25,322409,,,558179,499,-4195.25,-9502.146341463,,,8026,13290,,,880588,127762,
1988-12-02,319749,,,558670,491,-2402.211538462,-8047.017857143,,,8035,13345,,,878419,128880,
1988-12-09,324248,,,558673,3,4836.596153846,-3548.017857143,,,8035,13333,,,882921,127340,
1988-12-16,318990,,,559167,494,-4980.961538462,-8806.017857143,,,8035,13638,,,878157,126916,
1988-12-23,314765,,,559167,0,-3808.076923077,-13031.017857143,,,8035,13221,,,873932,124749,
1988-12-30,313654,,,559513,346,-641.51923077,-14142.017857143,,,8035,13533,,,873167,125548,
1989-01-06,305576,,,559908,395,-7693.365384615,-14382.012269939,,,8021,13354,,,865484,126817,
1989-01-13,302665,,,560761,853,-2617.25,-17293.012269939,,,8021,13489,,,863426,125053,
1989-01-20,306513,,,561186,425,4192.288461538,-13445.012269939,,,8021,13493,,,867699,120024,
1989-01-27,307008,,,561186,0,749.75,-12950.012269939,,,8021,13424,,,868194,119772,
1989-02-03,313945,,,561862,676,7110.076923077,-11739.704697987,,,7965,13522,,,875807,118010,
1989-02-10,305217,,,562684,822,-8666.807692308,-20467.704697987,,,7965,13084,,,867901,116267,
1989-02-17,306065,,,563028,344,985.865384615,-19619.704697987,,,7965,12860,,,869093,112651,
1989-02-24,305255,,,563374,346,-525.173076923,-20429.704697987,,,7965,12609,,,868629,110541,
1989-03-03,315037,,,563884,510,10143.653846154,-18566.89090909,,,7921,12582,,,878921,108402,
1989-03-10,313828,,,564229,345,-1012.134615385,-19775.89090909,,,7921,12622,,,878057,102556,
1989-03-17,318360,,,565578,1349,4750.461538462,-15243.89090909,,,7921,12582,,,883938,100216,
1989-03-24,317835,,,565578,0,-321.596153846,-15768.89090909,,,7921,12787,,,883413,96586,
1989-03-31,307789,,,565578,0,-9864.192307692,-25814.89090909,,,7921,13536,,,873367,98147,
1989-04-07,306513,,,566224,646,-877,-33855.407643312,,,7880,12950,,,872737,97887,
1989-04-14,302086,,,566707,483,-3904.076923077,-38282.407643312,,,7880,13101,,,868793,99216,
1989-04-21,312478,,,566707,0,10992.192307692,-27890.407643312,,,7880,13007,,,879185,97782,
1989-04-28,316567,,,567430,723,4581.288461538,-23801.407643312,,,7880,13018,,,883997,96738,
1989-05-05,327039,,,568008,578,10827.288461538,-16865.734567901,,,7843,12976,,,895047,95953,
1989-05-12,328885,,,568910,902,2101.692307692,-15019.734567901,,,7843,13147,,,897795,96832,
1989-05-19,322400,,,568910,0,-6203.096153846,-21504.734567901,,,7843,13424,,,891310,94553,
1989-05-26,320489,,,569420,510,-1467.48076923,-23415.734567901,,,7843,13663,,,889909,94986,
1989-06-02,324887,,,570402,982,4796.442307692,-17163.339622642,,,7726,13790,,,895289,99019,
1989-06-09,321641,,,570912,510,-2897.307692308,-20409.339622642,,,7726,13786,,,892553,98669,
1989-06-16,319223,,,570912,0,-2057.826923077,-22827.339622642,,,7726,13865,,,890135,97760,
1989-06-23,322738,,,570912,0,4002.384615385,-19312.339622642,,,7726,13863,,,893650,98421,
1989-06-30,315455,,,571721,809,-6915.692307692,-26595.339622642,,,7726,14161,,,887176,100092,
1989-07-07,315749,,,572061,340,810.442307692,-19001.030674847,,,7622,13987,,,887810,104810,
1989-07-14,313424,,,572857,796,-1862.807692308,-21326.030674847,,,7622,13928,,,886281,109731,
1989-07-21,312422,,,573202,345,-601.326923077,-22328.030674847,,,7622,13987,,,885624,108828,
1989-07-28,313680,,,574045,843,1610.48076923,-21070.030674847,,,7622,13870,,,887725,113217,
1989-08-04,313202,,,574390,345,-118.673076923,-15596.329341317,,,7662,13368,,,887592,115812,
1989-08-11,310165,,,574388,-2,-2707.51923077,-18633.329341317,,,7662,13740,,,884553,116476,
1989-08-18,319131,,,574388,0,9308.423076923,-9667.329341317,,,7662,13841,,,893519,118002,
1989-08-25,318038,,,574732,344,-1014.653846154,-10760.329341317,,,7662,13972,,,892770,116487,
1989-09-01,317963,,,575376,644,-65.903846154,-5932.64375,,,7662,14105,,,893339,116231,
1989-09-08,320241,,,575932,556,2193.01923077,-3654.64375,,,7641,14076,,,896173,118891,
1989-09-15,309387,,,576274,342,-11018.576923077,-14508.64375,,,7641,13768,,,885661,120684,
1989-09-22,310542,,,576593,319,1073.384615385,-13353.64375,,,7641,13729,,,887135,121919,
1989-09-29,313121,,,577128,535,2384.538461538,-10774.64375,,,7641,13632,,,890249,122375,
1989-10-06,318394,,,577131,3,5136.75,-7390.05988024,,,7644,13488,,,895525,121136,
1989-10-13,323920,,,577430,299,5277.076923077,-1864.05988024,,,7644,13450,,,901350,120163,
1989-10-20,317150,,,577782,352,-7029.096153846,-8634.05988024,,,7644,13222,,,894932,119898,
1989-10-27,322286,,,577782,0,5096.288461538,-3498.05988024,,,7644,13319,,,900068,119032,
1989-11-03,320398,,,578283,501,-2001.173076923,-11513.146341463,,,7601,13277,,,898681,119158,
1989-11-10,327954,,,578659,376,7588.673076923,-3957.146341463,,,7601,13038,,,906613,122191,
1989-11-17,327780,,,579001,342,-352.442307692,-4131.146341463,,,7601,13338,,,906781,118850,
1989-11-24,324125,,,579487,486,-3673.403846154,-7786.146341463,,,7601,13321,,,903612,121163,
1989-12-01,332385,,,579487,0,8227,4588.982142857,,,7601,13581,,,911872,121911,
1989-12-08,323052,,,579854,367,-9576,-4744.017857143,,,7565,13705,,,902906,118134,
1989-12-15,328006,,,579854,0,4977,209.982142857,,,7565,13738,,,907860,115782,
1989-12-22,325360,,,579854,0,-2819.384615385,-2436.017857143,,,7565,13837,,,905214,111143,
1989-12-29,324280,,,579854,0,-1283.75,-3516.017857143,,,7565,12147,,,904134,106744,
1990-01-05,324222,,,579854,0,-262.346153846,4263.987730061,,,7512,12640,5654,,904076,109207,210982
1990-01-12,327819,,,580228,374,3238.423076923,7860.987730061,,,7512,13394,6644,,908047,109516,215395
1990-01-19,326173,,,580228,0,-2129.73076923,6214.987730061,,,7512,13639,6463,,906401,114347,219221
1990-01-26,324123,,,580228,0,-2428.076923077,4164.987730061,,,7512,13716,,,904351,119922,229695
1990-02-02,334128,,,580599,371,9675.865384615,8443.295302013,,,7399,13717,6761,,914727,122954,234249
1990-02-09,329316,,,580925,326,-5200.134615385,3631.295302013,,,7399,13645,5535,,910241,122229,242038
1990-02-16,326869,,,580925,0,-2910.442307692,1184.295302013,,,7399,13644,5479,,907794,120413,243212
1990-02-23,322293,,,580925,0,-4976.076923077,-3391.704697987,,,7399,13526,,,903218,118477,249028
1990-03-02,325816,,,580925,0,3195.346153846,-7787.89090909,,,7411,13455,6107,,906741,115706,251074
1990-03-09,332142,,,581417,492,6118.711538462,-1461.89090909,,,7411,12987,6305,,913559,110772,247348
1990-03-16,330696,,,581417,0,-1798.192307692,-2907.89090909,,,7411,12952,6129,,912113,107077,245224
1990-03-23,339931,,,581417,0,8997.76923077,6327.10909091,,,7411,12896,,,921348,103187,236805
1990-03-30,342865,,,581417,0,2509.076923077,9261.10909091,,,7411,12957,,,924282,102203,230975
1990-04-06,349942,,,582279,862,6402.461538462,9573.592356688,,,7310,12665,6370,,932221,98960,227448
1990-04-13,350859,,,582279,0,81.826923077,10490.592356688,,,7310,13109,6056,,933138,98140,226077
1990-04-20,349299,,,582279,0,-2497.942307692,8930.592356688,,,7310,13313,,,931578,96385,224206
1990-04-27,353507,,,582656,377,3499.903846154,13138.592356688,,,7310,12916,6732,,936163,96581,223250
1990-05-04,353485,,,583419,763,-732.384615385,9580.265432099,,,7241,12992,6286,,936904,96669,222618
1990-05-11,358198,,,584305,886,4204.423076923,14293.265432099,,,7241,12944,6263,,942503,97054,217528
1990-05-18,361994,,,585183,878,3232.288461538,18089.265432099,,,7241,13159,6050,,947177,98930,217047
1990-05-25,362719,,,586181,998,-36.423076923,18814.265432099,,,7241,13679,6847,,948900,100713,218532
1990-06-01,365618,,,586181,0,2086.884615385,23567.660377358,,,7241,13668,6407,,951799,103054,222014
1990-06-08,367486,,,586181,0,1084.711538462,25435.660377358,,,6981,13516,,,953667,105527,219308
1990-06-15,367001,,,586181,0,-1366.634615385,24950.660377358,,,6981,13581,7484,,953182,108385,220061
1990-06-22,367704,,,586181,0,-215.807692308,25653.660377358,,,6981,13454,7594,,953885,109580,218970
1990-06-29,368708,,,586686,505,139.26923077,26657.660377358,,,6981,13962,5862,,955394,110964,218597
1990-07-06,365658,,,586686,0,-4074.096153846,30907.969325153,,,7130,14168,,,952344,113826,217055
1990-07-13,370201,,,586678,-8,3583.211538462,35450.969325153,,,7130,14192,7067,,956879,117826,218063
1990-07-20,368024,,,586678,0,-3268.865384615,33273.969325153,,,7130,14293,7341,,954702,120499,218705
1990-07-27,372593,,,586678,0,3499.73076923,37842.969325153,,,7130,14358,,,959271,122438,217799
1990-08-03,364848,,,586677,-1,-8877.942307692,36049.670658683,,,6971,14432,,,951525,122138,220195
1990-08-10,360003,,,586678,1,-5838.192307692,31204.670658683,,,6971,14345,,,946681,122994,213725
1990-08-17,360333,,,587202,524,-628.423076923,31534.670658683,,,6971,14093,7218,,947535,124943,216819
1990-08-24,361957,,,588692,1490,831.653846154,33158.670658683,,,6971,14108,6778,,950649,126340,211198
1990-08-31,356710,,,589623,931,-6091.596153846,27911.670658683,,,6971,14063,7029,,946333,129733,210922
1990-09-07,359583,,,589623,0,2127.865384615,35687.35625,,,6991,14203,6838,,949206,134435,212665
1990-09-14,353936,,,589623,0,-6403.576923077,30040.35625,,,6991,14327,,,943559,135971,219164
1990-09-21,348211,,,589623,0,-6581.711538462,24315.35625,,,7041,14306,,,937834,137983,222160
1990-09-28,338384,,,589623,0,-10551.403846154,14488.35625,,,7041,13887,,,928007,136899,222735
1990-10-05,336271,,,589623,0,-2598.826923077,10486.94011976,,,7261,13477,,,925894,134007,225934
1990-10-12,328752,,,589623,0,-7862.788461538,2967.94011976,,,7261,13115,,,918375,136646,225997
1990-10-19,325992,,,589623,0,-2852.923076923,207.94011976,,,7261,12733,4855,,915615,136997,221043
1990-10-26,327234,,,589623,0,1071.961538462,1449.94011976,,,7329,12674,,,916857,138549,222384
1990-11-02,331392,,,589366,-257,4062.846153846,-519.146341463,84,-6.4,7342,12898,,,920758,137892,222223
1990-11-09,333036,,,588217,-1149,1432.576923077,1124.853658537,83,-7.4,7284,12684,,,921253,136160,219499
1990-11-16,327293,,,587938,-279,-5840.73076923,-4618.146341463,84,-6.4,6910,12764,,,915231,134642,217040
1990-11-23,324268,,,587316,-622,-3015.634615385,-7643.146341463,84,-6.4,7440,12779,,,911584,134566,217639
1990-11-30,326855,,,586903,-413,2584.25,-5056.146341463,89,-1.4,7235,13711,,,913758,134440,218889
1990-12-07,321412,,,586016,-887,-5336.653846154,-6384.017857143,82,-8.4,6996,12660,,,907428,133203,220010
1990-12-14,320154,,,585692,-324,-1226.461538462,-7642.017857143,83,-7.4,7474,12842,,,905846,132331,224219
1990-12-21,321992,,,585692,0,1989,-5804.017857143,84,-6.4,7245,12916,5445,,907684,129581,222043
1990-12-28,315920,,,585692,0,-6007.23076923,-11876.017857143,84,-6.4,7559,13009,4468,,901612,129846,221695
1991-01-04,307542,,,585692,0,-8217.23076923,-12416.012269939,80,-10.4,7481,12307,,,893234,129423,221194
1991-01-11,308440,,,585691,-1,1218.76923077,-11518.012269939,80,-10.4,7475,12346,,,894131,126956,217923
1991-01-18,307051,,,585691,0,-1016.326923077,-12907.012269939,82,-8.4,7461,12581,5053,,892742,117980,216098
1991-01-25,307043,,,585692,1,359.73076923,-12915.012269939,83,-7.4,7219,12757,,,892735,115089,219581
1991-02-01,310149,,,585692,0,3434.461538462,-15535.704697987,83,-7.4,7477,12814,,,895841,110890,222223
1991-02-08,311359,,,584765,-927,1671.134615385,-14325.704697987,84,-6.4,7463,12973,,138,896124,108705,224079
1991-02-15,317278,,,583506,-1259,6264.326923077,-8406.704697987,84,-6.4,7427,12931,,138,900784,105147,226459
1991-02-22,316183,,,583245,-261,-910.557692308,-9501.704697987,85,-5.4,7415,13107,4934,242,899428,104337,226026
1991-03-01,315962,,,581560,-1685,-103.5,-17641.89090909,85,-5.4,7404,13164,,242,897522,102276,221438
1991-03-08,314290,,,577748,-3812,-1482.5,-19313.89090909,84,-6.4,7394,13082,,167,892038,101071,218986
1991-03-15,320665,,,574986,-2762,6718.307692308,-12938.89090909,83,-7.4,7412,12817,4912,167,895651,96815,215670
1991-03-22,321538,,,572453,-2533,1065.903846154,-12065.89090909,82,-8.4,7385,12676,5388,167,893991,97420,211379
1991-03-29,326275,,,571410,-1043,5090.711538462,-7328.89090909,81,-9.4,7383,12598,,167,897685,97028,212087
1991-04-05,321264,,,568482,-2928,-4691.961538462,-19104.407643312,,,7356,12871,5454,122,889746,96007,207908
1991-04-12,325762,,,568482,0,5049.5,-14606.407643312,83,-7.4,7334,12906,,122,894244,96949,205510
1991-04-19,322676,,,568482,0,-2603.365384615,-17692.407643312,84,-6.4,7370,12950,,122,891158,98364,205046
1991-04-26,328220,,,568482,0,6055.98076923,-12148.407643312,85,-5.4,7346,13162,,122,896702,100598,205660
1991-05-03,324141,,,568482,0,-3592.711538462,-19763.734567901,86.6,-3.8,7295,13408,,127,892623,101538,207496
1991-05-10,323906,,,568483,1,329.307692308,-19998.734567901,87,-3.4,7303,13446,,127,892389,103025,208673
1991-05-17,329898,,,568483,0,6651.461538462,-14006.734567901,,,7280,13325,5895,,898381,102361,211690
1991-05-24,329325,,,568483,0,44.23076923,-14579.734567901,87,-3.4,7336,13407,6177,127,897808,102974,213387
1991-05-31,336202,,,568483,0,7519.192307692,-7702.734567901,90,-0.4,7323,14002,,127,904685,108200,215678
1991-06-07,337008,,,568483,0,1371.692307692,-5042.339622642,88,-2.4,7301,13675,,156,905491,108069,217713
1991-06-14,337807,,,568483,0,1385.115384615,-4243.339622642,90,-0.4,7359,13928,6093,156,906290,111170,220528
1991-06-21,336429,,,568482,-1,-816.576923077,-5621.339622642,90,-0.4,7338,13989,5937,156,904911,113705,219835
1991-06-28,333376,,,568483,1,-2451.557692308,-8674.339622642,89,-1.4,7377,13860,,156,901859,113216,218757
1991-07-05,334579,,,568483,0,1882.461538462,-171.030674847,88,-2.4,7383,13662,,115,903062,113605,215024
1991-07-12,333524,,,568488,5,-457.326923077,-1226.030674847,86,-4.4,7365,13415,5984,115,902012,120095,213411
1991-07-19,331739,,,568488,0,-1079.673076923,-3011.030674847,89,-1.4,7348,13839,,115,900227,120306,213887
1991-07-26,327970,,,568488,0,-3071.211538462,-6780.030674847,89,-1.4,7355,13827,5773,115,896458,122550,212122
1991-08-02,328659,,,568488,0,1547.134615385,-139.329341317,88,-2.4,7342,13597,5780,126,897147,125040,210814
1991-08-09,330373,,,568488,0,2409.942307692,1574.670658683,88,-2.4,7228,13697,,126,898861,126356,208356
1991-08-16,328440,,,568502,14,-1363.192307692,-358.329341317,88,-2.4,7302,13705,7270,126,896942,126038,207689
1991-08-23,333744,,,568502,0,5917.326923077,4945.670658683,89,-1.4,7215,13831,,126,902246,127749,210098
1991-08-30,335646,,,568502,0,2444.557692308,6847.670658683,90,-0.4,7274,14000,6143,126,904148,129670,211068
1991-09-06,325886,,,568503,1,-9354.923076923,1990.35625,91,0.6,7150,14164,,73,894389,132645,214680
1991-09-13,319319,,,568503,0,-5918.98076923,-4576.64375,89,-1.4,7267,13928,,73,887822,135574,215242
1991-09-20,319450,,,568503,0,796.711538462,-4445.64375,89,-1.4,7327,13817,6676,,887953,139631,214984
1991-09-27,324157,,,568503,0,5260.096153846,261.35625,87,-3.4,7365,13467,,73,892660,140645,215217
1991-10-04,323069,,,568503,0,-814.403846154,-2715.05988024,87,-3.4,7381,13555,,145,891572,138759,217173
1991-10-11,326402,,,568503,0,3586.884615385,617.94011976,86,-4.4,7387,13330,5587,145,894905,139319,213971
1991-10-18,323942,,,568503,0,-2414.807692308,-1842.05988024,83,-7.4,7381,13008,,145,892445,137650,209834
1991-10-25,332763,,,568503,0,8860.423076923,6978.94011976,82,-8.4,7384,12736,,139,901266,137730,205774
1991-11-01,326645,,,568503,0,-6224.326923077,-5266.146341463,,,7359,12716,,139,895148,139775,204354
1991-11-08,330460,,,568503,0,3906.288461538,-1451.146341463,81,-9.4,7140,12532,,139,898963,137673,199744
1991-11-15,335596,,,568505,2,5185.538461538,3684.853658537,82,-8.4,7426,12805,,139,904101,138604,198464
1991-11-22,329588,,,568505,0,-6167.673076923,-2323.146341463,86,-4.4,7388,13306,,139,898093,140153,203568
1991-11-29,324131,,,568505,0,-5559.307692308,-7780.146341463,84,-6.4,7226,13020,,140,892636,142650,207008
1991-12-06,329127,,,568502,-3,5048.384615385,1330.982142857,83,-7.4,7376,12875,,120,897629,143692,212278
1991-12-13,323089,,,568502,0,-6186.365384615,-4707.017857143,86,-4.4,6731,13463,6094,120,891591,144896,215414
1991-12-20,318937,,,568502,0,-4208.442307692,-8859.017857143,87,-3.4,7451,13631,,120,887439,142480,216625
1991-12-27,308857,,,568502,0,-10021.25,-18939.017857143,87,-3.4,7449,13524,,117,877359,144710,217337
1992-01-03,314823,,,568502,0,6101.826923077,-5135.012269939,85,-5.4,7422,13307,4437,130,883325,145185,222483
1992-01-10,318314,,,568508,6,3350.98076923,-1644.012269939,86,-4.4,7410,13311,6778,130,886822,142876,225305
1992-01-17,317138,,,568508,0,-1365.884615385,-2820.012269939,84,-6.4,7235,12960,,130,885646,137967,228580
1992-01-24,322809,,,568508,0,5477.01923077,2850.987730061,81,-9.4,7343,12595,,129,891317,132738,228073
1992-01-31,318393,,,568508,0,-4719.192307692,-1565.012269939,80,-10.4,7357,12432,,129,886901,127538,227909
1992-02-07,318207,,,568508,0,-344.538461538,-7477.704697987,82,-8.4,7382,12705,4308,145,886715,122891,227243
1992-02-14,316400,,,568510,2,-1938.692307692,-9284.704697987,,,7364,12339,6287,145,884910,115610,230868
1992-02-21,319575,,,568510,0,3191.884615385,-6109.704697987,80,-10.4,7329,12380,4278,145,888085,112456,230336
1992-02-28,326596,,,568510,0,6955.76923077,911.295302013,79,-11.4,7365,12234,,137,895106,109417,231955
1992-03-06,332894,,,568510,0,6093.5,-709.89090909,79,-11.4,7357,12271,,144,901404,104078,227662
1992-03-13,327449,,,568510,0,-5802.76923077,-6154.89090909,82,-8.4,7345,12739,5429,144,895959,104819,227891
1992-03-20,330980,,,568510,0,3400.538461538,-2623.89090909,84,-6.4,7324,13033,5625,144,899490,100852,224373
1992-03-27,325460,,,568510,0,-5701.576923077,-8143.89090909,85,-5.4,7283,13072,5155,138,893970,98451,222766
1992-04-03,321859,,,568510,0,-3585.326923077,-18509.407643312,87,-3.4,7327,13308,5512,137,890369,94498,222186
1992-04-10,330314,,,568511,1,8443.557692308,-10054.407643312,86,-4.4,7277,13201,,137,898825,91386,217422
1992-04-17,333120,,,568511,0,2718.461538462,-7248.407643312,86,-4.4,7353,13213,5999,137,901631,91902,221157
1992-04-24,333922,,,568511,0,601.153846154,-6446.407643312,85,-5.4,7238,13241,,127,902433,92789,221128
1992-05-01,335376,,,568511,0,1344.346153846,-8528.734567901,,,7235,13140,,127,903887,91954,218510
1992-05-08,334716,,,568511,0,-876.057692308,-9188.734567901,84,-6.4,7248,13110,,126,903227,89512,218142
1992-05-15,336011,,,568511,0,1087.115384615,-7893.734567901,87,-3.4,7160,13510,,126,904522,89423,219307
1992-05-22,331422,,,568511,0,-4706.557692308,-12482.734567901,87,-3.4,7205,13493,,126,899933,90180,220760
1992-05-29,328776,,,568511,0,-2686.326923077,-15128.734567901,89,-1.4,7219,13782,,126,897287,95444,217988
1992-06-05,329598,,,568511,0,964.807692308,-12452.339622642,89,-1.4,7240,13844,,108,898109,95003,221738
1992-06-12,330394,,,568514,3,938.5,-11656.339622642,89,-1.4,7228,13821,,108,898908,97795,225535
1992-06-19,324093,,,568514,0,-6158.442307692,-17957.339622642,90,-0.4,7218,13943,,,892607,98645,227811
1992-06-26,313189,,,569521,1007,-10666.76923077,-28861.339622642,92,1.6,7194,14214,5382,108,882710,104397,228449
1992-07-03,312195,,,569522,1,-605.788461538,-22555.030674847,91,0.6,7221,14029,,,881717,106237,227444
1992-07-10,314858,,,569522,0,3093.461538462,-19892.030674847,91,0.6,7125,14126,7504,120,884380,109622,226355
1992-07-17,308493,,,569520,-2,-6006.038461538,-26257.030674847,91,0.6,7144,14083,6560,120,878013,110287,225184
1992-07-24,308467,,,569520,0,421.038461538,-26283.030674847,90,-0.4,7095,13997,,117,877987,114479,222592
1992-07-31,314258,,,569520,0,6166.057692308,-20492.030674847,89,-1.4,7059,13821,,117,883778,116511,221461
1992-08-07,312486,,,569521,1,-1495.057692308,-16312.329341317,90,-0.4,7124,13942,,106,882007,120250,217173
1992-08-14,311493,,,569521,0,-649.01923077,-17305.329341317,89,-1.4,6990,13864,,106,881014,123014,213430
1992-08-21,316097,,,569776,255,4929.903846154,-12701.329341317,89,-1.4,7120,13809,6263,106,885873,125210,210106
1992-08-28,308645,,,570092,316,-7112.634615385,-20153.329341317,86,-4.4,6678,13219,6148,105,878737,126477,206548
1992-09-04,310794,,,570092,0,2668.25,-13101.64375,85,-5.4,6847,13083,,116,880886,125169,202427
1992-09-11,310111,,,570322,230,-392.76923077,-13784.64375,90,-0.4,6955,13866,,116,880433,131943,204731
1992-09-18,310947,,,570322,0,1013.076923077,-12948.64375,89,-1.4,7012,13726,,116,881269,132124,206719
1992-09-25,306213,,,570322,0,-4570.48076923,-17682.64375,89,-1.4,7049,13711,,117,876535,133111,207727
1992-10-02,309071,,,571440,1118,3203.076923077,-16713.05988024,,,7046,13766,6025,119,880511,131957,209718
1992-10-09,308292,,,571438,-2,-509.807692308,-17492.05988024,88,-2.4,7011,13485,6443,119,879730,131990,207854
1992-10-16,310536,,,573302,1864,2592.26923077,-15248.05988024,88,-2.4,7032,13457,8161,119,883838,131208,208652
1992-10-23,311561,,,573302,0,1282.807692308,-14223.05988024,90,-0.4,7036,13632,5929,115,884863,134151,208033
1992-10-30,314967,,,573503,201,3813.73076923,-10817.05988024,90,-0.4,7041,13627,,115,888470,136144,204650
1992-11-06,308578,,,573575,72,-6164.423076923,-23333.146341463,90,-0.4,7011,13634,,111,882153,137682,209557
1992-11-13,301537,,,573575,0,-6620.192307692,-30374.146341463,90,-0.4,6954,13662,5633,111,875112,141058,209701
1992-11-20,307093,,,573837,262,6210.98076923,-24818.146341463,89,-1.4,6987,13408,,111,880930,138620,210574
1992-11-27,308640,,,573837,0,1979.596153846,-23271.146341463,,,7064,13619,,111,882477,140003,212692
1992-12-04,307589,,,573837,0,-753.096153846,-20207.017857143,90,-0.4,7074,13514,,121,881426,144763,212367
1992-12-11,313161,,,574039,202,5986.192307692,-14635.017857143,87,-3.4,7087,13201,6681,121,887200,141632,213282
1992-12-18,312842,,,574393,354,-128.076923077,-14954.017857143,88,-2.4,7098,13275,,121,887235,137699,213169
1992-12-25,301053,,,574562,169,-11671.788461538,-26743.017857143,87,-3.4,7053,13217,,121,875615,138918,212969
1993-01-01,301973,,,574638,76,1070.076923077,-17985.012269939,88,-2.4,6995,13318,,121,876611,141903,216561
1993-01-08,299341,,,574723,85,-2384.884615385,-20617.012269939,87,-3.4,7015,13047,7060,114,874064,143645,221306
1993-01-15,307272,,,574977,254,8295.865384615,-12686.012269939,86,-4.4,6994,13022,,114,882249,141743,226954
1993-01-22,306106,,,575145,168,-976.26923077,-13852.012269939,87,-3.4,7043,13124,6216,114,881251,137630,229754
1993-01-29,308108,,,575247,102,2323.211538462,-11850.012269939,87,-3.4,7035,13075,6782,114,883355,131446,236128
1993-02-05,311717,,,575313,66,3806.788461538,-13967.704697987,85,-5.4,7031,12873,,119,887030,124373,234121
1993-02-12,318408,,,575311,-2,6815.807692308,-7276.704697987,87,-3.4,7033,13055,6294,119,893719,120707,236870
1993-02-19,308086,,,575582,271,-10360.615384615,-17598.704697987,87,-3.4,6960,13223,,119,883668,117065,239134
1993-02-26,315969,,,575721,139,8103.942307692,-9715.704697987,85,-5.4,6981,12809,,110,891690,111818,239086
1993-03-05,321897,,,575806,85,6132.365384615,-11706.89090909,,,7018,12855,5636,109,897703,104081,237243
1993-03-12,327504,,,576017,211,5818.48076923,-6099.89090909,86,-4.4,6981,12991,,109,903521,102238,236477
1993-03-19,314322,,,576834,817,-13183.057692308,-19281.89090909,88,-2.4,6979,13258,5549,109,891156,99817,232213
1993-03-26,322220,,,577378,544,8218.346153846,-11383.89090909,,,6964,13117,7064,109,899598,96510,229323
1993-04-02,322889,,,577606,228,731.307692308,-17479.407643312,90,-0.4,6971,13397,5512,108,900495,97317,228289
1993-04-09,334413,,,578593,987,11504.192307692,-5955.407643312,87,-3.4,6883,12920,7369,108,913006,98606,227603
1993-04-16,325153,,,578593,0,-9338.826923077,-15215.407643312,90,-0.4,6896,13446,,108,903746,97070,225814
1993-04-23,326248,,,579840,1247,1248.211538462,-14120.407643312,92,1.6,6912,13857,,108,906088,100234,224438
1993-04-30,328945,,,581485,1645,2844.576923077,-11423.407643312,93,2.6,6913,13867,7731,111,910430,98888,221834
1993-05-07,329635,,,581689,204,813.673076923,-14269.734567901,92,1.6,6902,13715,6495,109,911324,101227,221330
1993-05-14,335087,,,581702,13,5549.711538462,-8817.734567901,91,0.6,6846,13643,,109,916789,99764,218162
1993-05-21,338201,,,581954,252,3131.76923077,-5703.734567901,92,1.6,6818,13781,6618,109,920155,100658,218431
1993-05-28,334383,,,582037,83,-3948.365384615,-9521.734567901,94,3.6,6842,13999,6651,109,916420,102480,229887
1993-06-04,332686,,,582121,84,-1804.826923077,-9364.339622642,94,3.6,6789,14008,5807,110,914807,101178,226781
1993-06-11,324772,,,582119,-2,-7973.384615385,-17278.339622642,94,3.6,6817,14054,7341,,906891,104105,224637
1993-06-18,334025,,,582425,306,9361.115384615,-8025.339622642,,,6766,14156,,110,916450,106827,224796
1993-06-25,340315,,,582425,0,6099,-1735.339622642,95,4.6,6749,14099,6658,103,922740,106993,222719
1993-07-02,331995,,,582526,101,-8841.653846154,-2755.030674847,96,5.6,6742,14278,,104,914521,110497,220348
1993-07-09,335417,,,582754,228,3041.23076923,666.969325153,96,5.6,6772,14325,,104,918171,116090,220802
1993-07-16,343583,,,582939,185,7770.634615385,8832.969325153,95.5,5.1,6643,14226,,104,926522,118568,216794
1993-07-23,338056,,,582939,0,-6201.807692308,3305.969325153,95.5,5.1,6540,14208,,104,920995,120335,214341
1993-07-30,333639,,,582939,0,-4986.01923077,-1111.030674847,94.5,4.1,6730,14119,6369,107,916578,121335,214965
1993-08-06,334659,,,583332,393,647.288461538,5860.670658683,95.1,4.7,6753,14229,,108,917991,121806,209070
1993-08-13,330153,,,583587,255,-4932.403846154,1354.670658683,94.1,3.7,6761,14072,,108,913740,122918,207716
1993-08-20,325426,,,583753,166,-5085.846153846,-3372.329341317,93.6,3.2,6774,13986,5974,108,909179,125490,202045
1993-08-27,326782,,,583837,84,1176.596153846,-2016.329341317,93.6,3.2,6790,13978,7698,112,910619,124544,201221
1993-09-03,320499,,,584087,250,-6631.788461538,-3396.64375,92.3,1.9,6734,13852,6429,107,904586,127238,202354
1993-09-10,321821,,,584087,0,1135.365384615,-2074.64375,92.3,1.9,6665,13837,,107,905908,130732,201269
1993-09-17,321610,,,585183,1096,-436.192307692,-2285.64375,92.6,2.2,6706,13902,6469,107,906793,131296,204378
1993-09-24,312084,,,585508,325,-9731.057692308,-11811.64375,92.7,2.3,6650,13873,,107,897592,131457,208036
1993-10-01,309991,,,585587,79,-2205.903846154,-15793.05988024,92.8,2.4,6684,13956,6264,107,895578,131065,208245
1993-10-08,314249,,,585658,71,4240.307692308,-11535.05988024,92.5,2.1,6654,13894,6763,100,899907,132914,209116
1993-10-15,309375,,,585910,252,-4988.557692308,-16409.05988024,92.2,1.8,6772,13909,,100,895285,133430,208432
1993-10-22,316800,,,585993,83,7447.326923077,-8984.05988024,91.1,0.7,6837,13581,6639,100,902793,134378,207949
1993-10-29,318584,,,586079,86,1683.25,-7200.05988024,91.7,1.3,6868,13693,7180,100,904663,139109,209067
1993-11-05,315239,,,586079,0,-3414.557692308,-16672.146341463,91.8,1.4,6872,13677,,114,901318,137564,208140
1993-11-12,320250,,,586248,169,4882.903846154,-11661.146341463,91.7,1.3,6882,13675,7942,114,906498,138384,210759
1993-11-19,314738,,,586568,320,-5871.865384615,-17173.146341463,91.9,1.5,6847,13754,6624,114,901306,138781,213301
1993-11-26,316131,,,586627,59,1245.98076923,-15780.146341463,91.4,1,6878,13621,5620,114,902758,141767,217591
1993-12-03,321509,,,586793,166,5233.942307692,-6287.017857143,92.6,2.2,6943,13798,7748,119,908302,146209,222584
1993-12-10,327837,,,586794,1,6060.307692308,40.982142857,92.1,1.7,6923,13713,,119,914631,144663,222110
1993-12-17,330247,,,586884,90,2127.76923077,2450.982142857,91.6,1.2,6897,13669,6635,119,917131,140788,223106
1993-12-24,330079,,,586884,0,-502.711538462,2282.982142857,90,-0.4,6854,13451,5727,115,916963,142473,224655
1993-12-31,323542,,,587018,134,-7095.192307692,-4254.017857143,92.7,2.3,6857,13806,,115,910560,144694,225013
1994-01-07,316593,,,587080,62,-7363.788461538,-3365.012269939,89.9,-0.5,6875,13387,,105,903673,140003,228804
1994-01-14,316399,,,587080,0,-525.76923077,-3559.012269939,90.9,0.5,6880,13579,6037,105,903479,134605,230806
1994-01-21,310921,,,587146,66,-5653.51923077,-9037.012269939,89.7,-0.7,6845,13408,5618,105,898067,125677,230603
1994-01-28,314011,,,587164,18,2997.403846154,-5947.012269939,87.3,-3.1,6886,13050,,103,901175,116709,234542
1994-02-04,317837,,,587192,28,3712.48076923,-7847.704697987,88.2,-2.2,6836,13207,,107,905029,108250,233869
1994-02-11,313482,,,587192,0,-4472.692307692,-12202.704697987,89.5,-0.9,6802,13388,,107,900674,104666,230508
1994-02-18,316510,,,587192,0,3122.73076923,-9174.704697987,89.6,-0.8,6546,13405,6429,107,903702,102495,229691
1994-02-25,309328,,,587192,0,-7344,-16356.704697987,87.3,-3.1,6792,13064,5954,103,896520,101361,229471
1994-03-04,316945,,,587193,1,7744.711538462,-16658.89090909,85.7,-4.7,6763,12751,,103,904138,99097,226080
1994-03-11,311869,,,587193,0,-4980.76923077,-21734.89090909,87.5,-2.9,6704,12928,,103,899062,99466,224966
1994-03-18,323772,,,589169,1976,12203.673076923,-9831.89090909,87,-3.4,6728,12814,7598,103,912941,98771,221918
1994-03-25,318641,,,589169,0,-5312.73076923,-14962.89090909,86,-4.4,6599,12645,5646,103,907810,97215,216977
1994-04-01,318717,,,589169,0,144.826923077,-21651.407643312,87.5,-2.9,6683,12861,,101,907886,99172,213868
1994-04-08,319232,,,590256,1087,595.23076923,-21136.407643312,88.7,-1.7,6641,13162,6881,101,909488,97442,211837
1994-04-15,321163,,,591179,923,2222.942307692,-19205.407643312,92.2,1.8,6711,13715,6495,101,912342,99302,210367
1994-04-22,321241,,,591179,0,154.73076923,-19127.407643312,95.6,5.2,6292,14204,7763,,912420,97913,215827
1994-04-29,322151,,,591179,0,1006.288461538,-18217.407643312,95.8,5.4,6748,14175,7303,,913330,101258,215173
1994-05-06,316458,,,591179,0,-5562.346153846,-27446.734567901,96.6,6.2,6706,14328,7657,102,907637,102692,220806
1994-05-13,315520,,,591173,-6,-684.596153846,-28384.734567901,97.3,6.9,6657,14439,,102,906693,106128,221215
1994-05-20,317174,,,591173,0,2030.288461538,-26730.734567901,94.8,4.4,6732,14077,6627,102,908347,104418,217833
1994-05-27,316080,,,591173,0,-689.634615385,-27824.734567901,96.3,5.9,6629,14278,6674,102,907253,107136,214405
1994-06-03,311596,,,591173,0,-4132.01923077,-30454.339622642,95.8,5.4,6695,14277,7382,100,902769,111284,216725
1994-06-10,308787,,,591178,5,-2403.423076923,-33263.339622642,97.2,6.8,6530,14445,7134,100,899965,113247,216815
1994-06-17,307220,,,591178,0,-1259.596153846,-34830.339622642,95.7,5.3,6648,14220,8890,100,898398,116909,215440
1994-06-24,310699,,,591178,0,3994.48076923,-31351.339622642,97.2,6.8,6656,14463,8027,100,901877,117228,214928
1994-07-01,311642,,,591178,0,1512.538461538,-23108.030674847,96.2,5.8,6604,14461,7124,101,902820,120076,213577
1994-07-08,311816,,,591669,491,565.403846154,-22934.030674847,94.8,4.4,6591,14207,7878,99,903485,125133,213607
1994-07-15,314998,,,591669,0,3635.865384615,-19752.030674847,96,5.6,6618,14434,8550,99,906667,127666,210786
1994-07-22,318255,,,591670,1,3806.711538462,-16495.030674847,95.1,4.7,6522,14280,7183,99,909925,129199,210340
1994-07-29,312403,,,591670,0,-5471.211538462,-22347.030674847,94.7,4.3,6566,14243,8155,99,904073,132315,208515
1994-08-05,309883,,,591673,3,-2111.615384615,-18915.329341317,95.7,5.3,6582,14407,6427,101,901556,132895,208802
1994-08-12,312998,,,591672,-1,3591.461538462,-15800.329341317,96.5,6.1,6521,14516,,101,904670,134435,204759
1994-08-19,310161,,,591673,1,-2507.096153846,-18637.329341317,96.1,5.7,6540,14493,7549,101,901834,137256,204822
1994-08-26,307717,,,591673,0,-2150.442307692,-21081.329341317,96.5,6.1,6583,14529,6987,103,899390,134858,206501
1994-09-02,307532,,,591673,0,181.634615385,-16363.64375,95.9,5.5,6552,14438,,102,899205,138328,203398
1994-09-09,307270,,,591675,2,-12.634615385,-16625.64375,96.8,6.4,6545,14563,7124,102,898945,141767,207682
1994-09-16,308725,,,591675,0,1734.826923077,-15170.64375,94.4,4,6526,14179,,102,900400,145413,207967
1994-09-23,314620,,,591675,0,6142.788461538,-9275.64375,94,3.6,6595,14083,,102,906295,144496,207262
1994-09-30,317891,,,591675,0,3222.23076923,-6004.64375,93.8,3.4,6640,14099,8059,103,909566,144818,208167
1994-10-07,316959,,,591675,0,-1083.923076923,-8825.05988024,92.2,1.8,6692,13787,7208,103,908634,146951,208597
1994-10-14,321399,,,591676,1,4387.884615385,-4385.05988024,90.4,0,6703,13533,6961,103,913075,145170,206013
1994-10-21,319570,,,591676,0,-2060.23076923,-6214.05988024,89.6,-0.8,6703,13478,,,911246,146331,202644
1994-10-28,328905,,,591676,0,9281.73076923,3120.94011976,86.8,-3.6,6633,13074,,102,920581,143730,197671
1994-11-04,327917,,,591676,0,-1186.48076923,-3994.146341463,90.2,-0.2,6620,13531,,101,919593,141964,200812
1994-11-11,327189,,,591674,-2,-971.807692308,-4722.146341463,90,-0.4,6616,13573,,101,918863,141934,202319
1994-11-18,324211,,,591674,0,-3111.442307692,-7700.146341463,92.8,2.4,6668,13969,7398,101,915885,140020,206074
1994-11-25,321739,,,591674,0,-2654.173076923,-10172.146341463,95.3,4.9,6626,14294,7161,101,913413,143608,208845
1994-12-02,321693,,,591674,0,-153.846153846,-6103.017857143,95,4.6,6472,14253,,98,913367,145010,214685
1994-12-09,320205,,,591673,-1,-1491.538461538,-7591.017857143,91.8,1.4,6670,13777,7030,98,911878,141539,212280
1994-12-16,319550,,,591673,0,-508.23076923,-8246.017857143,92.9,2.5,6655,13990,7222,98,911223,141222,212555
1994-12-23,320236,,,591673,0,891.711538462,-7560.017857143,92.8,2.4,6703,13938,,98,911909,139266,210269
1994-12-30,312846,,,591673,0,-7200.711538462,-14950.017857143,93.9,3.5,6675,14113,,,904519,142265,210379
1995-01-06,314560,,,591673,0,1919.692307692,-5398.012269939,95.3,4.9,6651,14304,,100,906233,142731,213545
1995-01-13,313278,,,591670,-3,-1242.903846154,-6680.012269939,92.7,2.3,6672,13890,,100,904948,141844,215577
1995-01-20,306864,,,591670,0,-6353.98076923,-13094.012269939,90.4,0,6571,13538,6521,100,898534,141064,217341
1995-01-27,306583,,,591670,0,-202.98076923,-13375.012269939,88.8,-1.6,6526,13340,,101,898253,136626,220092
1995-02-03,309810,,,591670,0,3369.846153846,-15874.704697987,89.5,-0.9,6662,13417,5795,101,901480,134993,222808
1995-02-10,303476,,,591671,1,-6179.634615385,-22208.704697987,89.3,-1.1,6595,13405,7901,101,895147,129519,224086
1995-02-17,310839,,,591671,0,7555.423076923,-14845.704697987,90.2,-0.2,6613,13563,,101,902510,123966,225627
1995-02-24,305268,,,591671,0,-5461.942307692,-20416.704697987,89.2,-1.2,6546,13381,,101,896939,121206,224867
1995-03-03,308234,,,591671,0,3044.076923077,-25369.89090909,90.8,0.4,6660,13714,,102,899905,119974,226427
1995-03-10,308719,,,591673,2,652.51923077,-24884.89090909,91,0.6,6598,13702,8029,102,900392,117126,225052
1995-03-17,309258,,,591673,0,599.576923077,-24345.89090909,89.2,-1.2,6632,13414,,102,900931,117534,221863
1995-03-24,313308,,,591673,0,4329.115384615,-20295.89090909,89.1,-1.3,6474,13439,6088,102,904981,117708,219388
1995-03-31,321069,,,591673,0,7863.557692308,-12534.89090909,88.3,-2.1,6380,13516,,102,912742,119081,212188
1995-04-07,318266,,,591672,-1,-2848.23076923,-22102.407643312,89.1,-1.3,6554,13551,6723,99,909938,115073,211126
1995-04-14,319450,,,591672,0,1202.576923077,-20918.407643312,89.5,-0.9,6597,13682,,99,911122,111837,209230
1995-04-21,322472,,,591673,1,3054.942307692,-17896.407643312,93.6,3.2,6603,14257,8199,99,914145,113601,207445
1995-04-28,318365,,,591672,-1,-4130.673076923,-22003.407643312,92.8,2.4,6539,14154,,99,910037,114444,208167
1995-05-05,316444,,,591672,0,-1848.192307692,-27460.734567901,91.3,0.9,6604,13983,5800,98,908116,112323,208961
1995-05-12,317267,,,591671,-1,823.26923077,-26637.734567901,91.8,1.4,6610,13983,,98,908938,113359,209092
1995-05-19,313118,,,591671,0,-4182.596153846,-30786.734567901,93.9,3.5,6598,14331,7597,98,904789,112511,207135
1995-05-26,310099,,,591671,0,-2941,-33805.734567901,95.8,5.4,6626,14666,6871,95,901770,114253,209982
1995-06-02,307943,,,591671,0,-2040.98076923,-34107.339622642,95.9,5.5,6592,14665,,91,899614,116107,208602
1995-06-09,307390,,,591669,-2,-482.75,-34660.339622642,96,5.6,6593,14752,,,899059,115804,207887
1995-06-16,306901,,,591669,0,-462.134615385,-35149.339622642,95.9,5.5,6560,14710,,91,898570,117323,210280
1995-06-23,299434,,,591669,0,-7460.865384615,-42616.339622642,96.5,6.1,6529,14731,,91,891103,116322,208332
1995-06-30,303160,,,591669,0,3942.634615385,-38890.339622642,94.8,4.4,6545,14512,,92,894829,116458,207619
1995-07-07,301985,,,591669,0,-1011.884615385,-32765.030674847,93.9,3.5,6518,14365,6455,81,893654,119134,207854
1995-07-14,301968,,,591669,0,172.057692308,-32782.030674847,94.7,4.3,6448,14474,,81,893637,122603,208280
1995-07-21,295085,,,591672,3,-6632.423076923,-39665.030674847,93.5,3.1,6417,14289,,81,886757,121931,207955
1995-07-28,298034,,,591672,0,3394.576923077,-36716.030674847,94.1,3.7,6484,14323,,81,889706,122628,207406
1995-08-04,291165,,,591700,28,-6592.673076923,-37633.329341317,94,3.6,6444,14313,,78,882865,124400,204700
1995-08-11,293670,,,591670,-30,2864.961538462,-35128.329341317,93.5,3.1,6476,14244,8483,,885340,124739,203559
1995-08-18,286280,,,591670,0,-7018.307692308,-42518.329341317,93.4,3,6475,14156,,78,877950,124388,199666
1995-08-25,289233,,,591670,0,3412.25,-39565.329341317,93.3,2.9,6483,14188,,78,880903,124377,196058
1995-09-01,296654,,,591670,0,7776.461538462,-27241.64375,95.1,4.7,6507,14473,,83,888324,127310,197186
1995-09-08,292052,,,591670,0,-4392.807692308,-31843.64375,95.9,5.5,6491,14582,,81,883722,129905,196620
1995-09-15,291145,,,591673,3,-614.346153846,-32750.64375,96,5.6,6248,14604,8227,81,882818,133639,194930
1995-09-22,290595,,,591673,0,-211.923076923,-33300.64375,94.2,3.8,6414,14310,7195,81,882268,131694,196796
1995-09-29,285540,,,591673,0,-4592.98076923,-38355.64375,94.7,4.3,6450,14351,7546,85,877213,132005,202806
1995-10-06,281156,,,591673,0,-3761.865384615,-44628.05988024,92.4,2,6215,14040,6129,88,872829,131434,201137
1995-10-13,281131,,,591673,0,663.51923077,-44653.05988024,88.5,-1.9,6404,13458,,88,872804,133528,198720
1995-10-20,283307,,,591668,-5,2950.384615385,-42477.05988024,90,-0.4,6497,13671,7568,88,874975,131632,199377
1995-10-27,284831,,,591668,0,2221.365384615,-40953.05988024,89.7,-0.7,6512,13676,,84,876499,128734,197584
1995-11-03,288122,,,591668,0,4138.576923077,-43789.146341463,89.3,-1.1,6539,13609,6530,92,879790,130050,195596
1995-11-10,286496,,,591663,-5,-860.711538462,-45415.146341463,88.2,-2.2,6516,13433,7695,92,878159,131011,190148
1995-11-17,296105,,,591663,0,10391.557692308,-35806.146341463,90.5,0.1,6493,13769,8060,92,887768,130504,192278
1995-11-24,302184,,,591663,0,6619.5,-29727.146341463,91.5,1.1,6484,13902,7560,92,893847,133426,193076
1995-12-01,299072,,,591663,0,-2735.942307692,-28724.017857143,94.1,3.7,6450,14203,7182,91,890735,134885,196904
1995-12-08,294812,,,591663,0,-3824.98076923,-32984.017857143,94.6,4.2,6428,14302,8066,90,886475,133613,196587
1995-12-15,300674,,,591651,-12,6350.326923077,-27122.017857143,92.7,2.3,6411,14020,,90,892325,129379,198690
1995-12-22,294817,,,591648,-3,-5494,-32979.017857143,92,1.6,6467,13876,6192,90,886465,126452,197873
1995-12-29,284591,,,591648,0,-9737.173076923,-43205.017857143,93.2,2.8,6474,14049,6963,90,876239,128268,203744
1996-01-05,285623,,,591648,0,1575.365384615,-34335.012269939,93.2,2.8,6464,13980,6926,,877271,130131,203560
1996-01-12,288551,,,591640,-8,3484.48076923,-31407.012269939,91.3,0.9,6498,13733,,87,880191,125364,205546
1996-01-19,292829,,,591640,0,4753.51923077,-27129.012269939,91.6,1.2,6516,13830,7240,87,884469,121184,210659
1996-01-26,291084,,,591640,0,-1475.096153846,-28874.012269939,90.6,0.2,6405,13693,6937,87,882724,116922,211887
1996-02-02,288674,,,591640,0,-2111.942307692,-37010.704697987,90.5,0.1,6413,13651,7002,,880314,111644,214405
1996-02-09,286440,,,591640,0,-1827.538461538,-39244.704697987,90.7,0.3,6505,13610,,88,878080,102876,213627
1996-02-16,283380,,,591630,-10,-2732.384615385,-42304.704697987,90.4,0,6511,13582,,88,875010,98416,212443
1996-02-23,283723,,,591630,0,871.057692308,-41961.704697987,89.5,-0.9,6501,13443,5543,88,875353,98896,210443
1996-03-01,280448,,,591630,0,-2860.673076923,-53155.89090909,90.8,0.4,6496,13672,6235,88,872078,96810,213605
1996-03-08,288673,,,591630,0,8759.346153846,-44930.89090909,90.5,0.1,6461,13638,,91,880303,96882,209769
1996-03-15,283404,,,591617,-13,-4883.5,-50199.89090909,90.5,0.1,6490,13649,,91,875021,92696,209171
1996-03-22,282187,,,591617,0,-719.807692308,-51416.89090909,90.9,0.5,6473,13690,6598,91,873804,88281,205883
1996-03-29,280124,,,589122,-2495,-1464.51923077,-53479.89090909,93.1,2.7,6440,14055,,91,869246,89008,203802
1996-04-05,282424,,,589129,7,3087.403846154,-57944.407643312,92.5,2.1,6441,14001,,100,871553,87627,201988
1996-04-12,283823,,,587644,-1485,2088.26923077,-56545.407643312,93.8,3.4,6390,14162,,100,871467,88394,201051
1996-04-19,279794,,,586994,-650,-3343.865384615,-60574.407643312,93.3,2.9,6425,14193,,100,866788,87153,203880
1996-04-26,279424,,,586493,-501,450.73076923,-60944.407643312,93.8,3.4,6173,14223,7852,100,865917,87737,204218
1996-05-03,286604,,,586493,0,7928.865384615,-57300.734567901,94.3,3.9,6454,14268,7223,99,873097,89442,204185
1996-05-10,284902,,,586493,0,-1128.153846154,-59002.734567901,92.9,2.5,6065,14153,8578,99,871395,90494,202692
1996-05-17,280450,,,586485,-8,-3829.596153846,-63454.734567901,92.9,2.5,6363,14104,7564,99,866935,90406,204906
1996-05-24,281578,,,586485,0,1756.23076923,-62326.734567901,95.2,4.8,6412,14469,6865,98,868063,92907,205722
1996-05-31,293515,,,585815,-670,12485.48076923,-50389.734567901,95.6,5.2,6392,14525,,,879330,96069,206134
1996-06-07,291863,,,585803,-12,-1374.538461538,-50187.339622642,95.7,5.3,6421,14561,7524,284,877666,96339,205584
1996-06-14,288853,,,585803,0,-2711.403846154,-53197.339622642,95.1,4.7,6515,14467,,98,874656,99386,205494
1996-06-21,289709,,,584469,-1334,1203.076923077,-52341.339622642,95.7,5.3,6452,14505,,98,874178,99833,206541
1996-06-28,296562,,,584469,0,7040.01923077,-45488.339622642,95.3,4.9,6489,14531,8366,,881031,100441,202987
1996-07-05,298222,,,584465,-4,1786.884615385,-36528.030674847,93.8,3.4,6499,14361,7860,,882687,102874,201677
1996-07-12,295695,,,583984,-481,-2454.634615385,-39055.030674847,94.7,4.3,6499,14386,7601,98,879679,104383,200373
1996-07-19,291857,,,583583,-401,-3717.365384615,-42893.030674847,94.4,4,6345,14361,,,875440,104280,198977
1996-07-26,292972,,,583114,-469,1177.076923077,-41778.030674847,93.6,3.2,6394,14277,7683,96,876086,102629,197609
1996-08-02,290295,,,582912,-202,-2579.653846154,-38503.329341317,94.3,3.9,6297,14384,,282,873207,104053,196821
1996-08-09,289134,,,581389,-1523,-1144.26923077,-39664.329341317,95.2,4.8,6286,14494,8044,96,870523,103690,198222
1996-08-16,291014,,,580868,-521,1967.23076923,-37784.329341317,94,3.6,6445,14331,9060,96,871882,104848,198433
1996-08-23,300715,,,580295,-573,9609.961538462,-28083.329341317,94.6,4.2,6481,14391,7969,96,881010,105535,196254
1996-08-30,295650,,,578649,-1646,-5285.807692308,-33148.329341317,94.2,3.8,6526,14362,,,874299,109025,192908
1996-09-06,292562,,,577575,-1074,-3068.692307692,-31333.64375,95,4.6,6497,14432,7563,211,870137,111522,191733
1996-09-13,290575,,,576244,-1331,-1996.807692308,-33320.64375,94.9,4.5,6498,14428,,,866819,112289,192000
1996-09-20,291751,,,575720,-524,1186.961538462,-32144.64375,95.6,5.2,6467,14469,,97,867471,111771,193526
1996-09-27,286638,,,573665,-2055,-5135.23076923,-37257.64375,95.6,5.2,6520,14536,,197,860303,110974,197717
1996-10-04,286261,,,573665,0,-398.115384615,-39523.05988024,95.7,5.3,6485,14564,,97,859926,112259,197019
1996-10-11,282960,,,573659,-6,-3399.173076923,-42824.05988024,92.7,2.3,6485,14106,7654,97,856619,111374,194410
1996-10-18,288701,,,573659,0,5705.826923077,-37083.05988024,93,2.6,6523,14146,8736,97,862360,111265,190525
1996-10-25,285642,,,573659,0,-3162.73076923,-40142.05988024,93.8,3.4,6514,14296,8468,396,859301,114978,189283
1996-11-01,295892,,,573659,0,10234.403846154,-36019.146341463,94.9,4.5,6513,14388,6881,,869551,114463,191956
1996-11-08,290762,,,573621,-38,-5279.423076923,-41149.146341463,91.2,0.8,6541,13779,8481,210,864383,114146,190180
1996-11-15,288297,,,573390,-231,-2547.038461538,-43614.146341463,93.1,2.7,6531,14061,6952,282,861687,113220,188595
1996-11-22,283501,,,572063,-1327,-4645.846153846,-48410.146341463,94.6,4.2,6512,14341,,210,855564,114490,187261
1996-11-29,283728,,,571119,-944,586.288461538,-48183.146341463,94.5,4.1,6538,14327,,96,854847,118372,190483
1996-12-06,282735,,,570100,-1019,-697.923076923,-45061.017857143,94.9,4.5,6534,14433,8491,97,852835,120753,194748
1996-12-13,279788,,,569820,-280,-2714.75,-48008.017857143,94,3.6,6518,14269,,283,849608,120544,191420
1996-12-20,273685,,,568094,-1726,-5701.346153846,-54111.017857143,94,3.6,6523,14292,,211,841779,119024,191053
1996-12-27,276127,,,567467,-627,2848.384615385,-51669.017857143,93.8,3.4,6506,14239,7730,97,843594,123135,192014
1997-01-03,267904,,,566762,-705,-8060.23076923,-52054.012269939,93.2,2.8,6454,14081,,98,834666,126155,198239
1997-01-10,272956,,,565816,-946,5392.75,-47002.012269939,91.6,1.2,6499,13771,,284,838772,125807,199994
1997-01-17,271491,,,565188,-628,-1165.096153846,-48467.012269939,90.6,0.2,6476,13634,7417,212,836679,121001,201457
1997-01-24,274863,,,564783,-405,3782.346153846,-45095.012269939,89.7,-0.7,6513,13505,,398,839646,118478,203639
1997-01-31,280898,,,563793,-990,6346.942307692,-39060.012269939,91.3,0.9,6505,13733,,99,844691,114237,206951
1997-02-07,284247,,,563484,-309,3498.538461538,-41437.704697987,88.2,-2.2,6483,13257,,235,847731,109425,210991
1997-02-14,288732,,,563482,-2,4527.173076923,-36952.704697987,87.5,-2.9,6502,13229,,99,852214,105766,209302
1997-02-21,288568,,,563482,0,-266.923076923,-37116.704697987,88.8,-1.6,6496,13401,7403,99,852050,105280,205464
1997-02-28,283145,,,563482,0,-5516.173076923,-42539.704697987,89.4,-1,6501,13482,,,846627,106410,203206
1997-03-07,288475,,,563482,0,5278.134615385,-45128.89090909,90.5,0.1,6440,13670,7742,98,851957,106030,203693
1997-03-14,288585,,,563474,-8,113.807692308,-45018.89090909,91.1,0.7,6449,13758,,98,852059,102794,199745
1997-03-21,287497,,,563474,0,-1187.634615385,-46106.89090909,93.5,3.1,6391,14110,7135,,850971,100213,198774
1997-03-28,293843,,,563474,0,6243.884615385,-39760.89090909,92.8,2.4,6409,14204,,99,857317,97884,196930
1997-04-04,294041,,,563474,0,-65.826923077,-46327.407643312,93.3,2.9,6493,14246,8006,,857515,96847,195697
1997-04-11,296665,,,563469,-5,2400.596153846,-43703.407643312,93,2.6,6433,14208,7782,99,860134,98392,195928
1997-04-18,298115,,,563479,10,1203.038461538,-42253.407643312,93.2,2.8,6412,14257,8418,,861594,95728,195927
1997-04-25,300941,,,563479,0,2473.673076923,-39427.407643312,92,1.6,6465,14095,,,864420,94098,196025
1997-05-02,300885,,,563469,-10,-469.788461538,-43019.734567901,94.1,3.7,6409,14386,,,864354,96765,193561
1997-05-09,307280,,,563463,-6,6120.365384615,-36624.734567901,96.9,6.5,6430,14867,7796,102,870743,96365,198261
1997-05-16,301845,,,563463,0,-5865.346153846,-42059.734567901,97.4,7,6426,14886,,102,865308,98787,198672
1997-05-23,305059,,,563463,0,2802.557692308,-38845.734567901,98.4,8,6423,15070,8187,,868522,102184,199831
1997-05-30,309261,,,563463,0,3750.442307692,-34643.734567901,99,8.6,6439,15364,,,872724,108039,200728
1997-06-06,308845,,,563463,0,-718.807692308,-33205.339622642,98.6,8.2,6435,15269,8899,102,872308,110490,203327
1997-06-13,307589,,,563459,-4,-1582.576923077,-34461.339622642,97.6,7.2,6415,15109,9567,102,871048,111731,205177
1997-06-20,307126,,,563459,0,-823.307692308,-34924.339622642,97.7,7.3,6334,15174,7213,102,870585,113491,205512
1997-06-27,301399,,,563459,0,-6061.942307692,-40651.339622642,97.3,6.9,6357,15101,,102,864858,116230,204006
1997-07-04,306218,,,563459,0,4725.98076923,-28532.030674847,96.1,5.7,6338,14867,8577,,869677,116592,203747
1997-07-11,303759,,,563455,-4,-2612.76923077,-30991.030674847,97.9,7.5,6351,15157,,102,867214,121445,199751
1997-07-18,301774,,,563455,0,-2140.076923077,-32976.030674847,96.9,6.5,6352,15036,,,865229,120542,197484
1997-07-25,291884,,,563455,0,-10080.711538462,-42866.030674847,96,5.6,6337,14867,8269,102,855339,120642,193695
1997-08-01,291120,,,563455,0,-743.076923077,-37678.329341317,97.3,6.9,6360,15089,,,854575,122610,190575
1997-08-08,296258,,,563452,-3,5122.134615385,-32540.329341317,96.1,5.7,6127,14871,,,859710,121988,189078
1997-08-15,296882,,,563452,0,487,-31916.329341317,97.7,7.3,6221,15090,8828,102,860334,124521,186197
1997-08-22,291628,,,563452,0,-5366.846153846,-37170.329341317,99.3,8.9,6387,15335,,,855080,126255,187035
1997-08-29,290026,,,563452,0,-1427.25,-38772.329341317,99.8,9.4,6400,15459,,102,853478,128760,185563
1997-09-05,283928,,,563452,0,-5989.846153846,-39967.64375,99.4,9,6362,15442,,,847380,133859,187167
1997-09-12,287722,,,563449,-3,3960.038461538,-36173.64375,,,6393,15398,9311,101,851171,133998,189628
1997-09-19,283839,,,563449,0,-3828.134615385,-40056.64375,98.5,8.1,6366,15317,8564,101,847288,135500,194289
1997-09-26,285157,,,563449,0,1470.153846154,-38738.64375,98.1,7.7,6396,15273,8687,102,848606,135753,195544
1997-10-03,289944,,,563449,0,4815.48076923,-35840.05988024,97.6,7.2,6375,15199,,102,853393,135746,197648
1997-10-10,287772,,,563444,-5,-2242.826923077,-38012.05988024,98.4,8,6371,15303,,102,851216,136242,196796
1997-10-17,284474,,,563444,0,-3390.538461538,-41310.05988024,95.9,5.5,6408,14881,8017,102,847918,136910,196969
1997-10-24,289079,,,563444,0,4686.288461538,-36705.05988024,94.4,4,6407,14708,,102,852523,135023,197561
1997-10-31,295098,,,563444,0,5952.903846154,-30686.05988024,94.8,4.4,6400,14782,,101,858542,134273,197629
1997-11-07,293789,,,563444,0,-1293.73076923,-38122.146341463,93.2,2.8,6418,14550,7529,101,857233,135455,196540
1997-11-14,299075,,,563439,-5,5227.788461538,-32836.146341463,92.2,1.8,6385,14346,9475,,862514,134252,197638
1997-11-21,302849,,,563439,0,3566.73076923,-29062.146341463,95.5,5.1,6390,14801,7608,101,866288,133967,196590
1997-11-28,305669,,,563439,0,2447.923076923,-26242.146341463,96.2,5.8,6416,14946,,101,869108,133161,199440
1997-12-05,300911,,,563439,0,-5179.942307692,-26885.017857143,95.8,5.4,6448,14863,8007,102,864350,135517,198579
1997-12-12,303451,,,563439,0,2190.461538462,-24345.017857143,96.5,6.1,6440,14958,,102,866890,135548,201916
1997-12-19,299482,,,563430,-9,-4424.057692308,-28314.017857143,96.3,5.9,6463,14913,8175,102,862912,133477,201609
1997-12-26,296230,,,563430,0,-3748.096153846,-31566.017857143,97.1,6.7,6462,15031,,102,859660,131063,204930
1998-01-02,289764,,,563430,0,-6852.596153846,-30194.012269939,97.2,6.8,6459,14983,,102,853194,136956,210220
1998-01-09,288685,,,563429,-1,-1499.384615385,-31273.012269939,96.1,5.7,6430,14810,,103,852114,139236,216176
1998-01-16,299897,,,563429,0,10909.51923077,-20061.012269939,94.1,3.7,6376,14530,,,863326,136776,217925
1998-01-23,305583,,,563429,0,5139.73076923,-14375.012269939,93.3,2.9,6359,14335,8114,103,869012,133652,217464
1998-01-30,304961,,,563479,50,-1212.76923077,-14997.012269939,92.2,1.8,6377,14190,7448,103,868440,131374,217934
1998-02-06,304983,,,563429,-50,-440.75,-20701.704697987,92.7,2.3,6412,14396,,102,868412,129556,220625
1998-02-13,306685,,,563430,1,1303.23076923,-18999.704697987,90.3,-0.1,6424,13957,,102,870115,128948,218239
1998-02-20,309568,,,563430,0,2537.75,-16116.704697987,89.8,-0.6,6415,13849,,102,872998,127045,218785
1998-02-27,307969,,,563430,0,-2002.846153846,-17715.704697987,89.6,-0.8,6368,13863,,102,871399,126615,219852
1998-03-06,307194,,,563430,0,-1252.384615385,-26409.89090909,93.1,2.7,6440,14450,7726,102,870624,126572,218013
1998-03-13,305137,,,563426,-4,-2416.98076923,-28466.89090909,93.8,3.4,6420,14554,7683,102,868563,124898,214200
1998-03-20,311606,,,563426,0,6150.692307692,-21997.89090909,94.2,3.8,6336,14553,8178,,875032,123577,215334
1998-03-27,313200,,,563426,0,1130.365384615,-20403.89090909,94.7,4.3,6405,14683,,,876626,121244,214760
1998-04-03,314569,,,563426,0,996.75,-25799.407643312,94.6,4.2,6443,14681,,104,877995,120571,210823
1998-04-10,319899,,,563426,0,4935.23076923,-20469.407643312,95.6,5.2,6407,14874,,104,883325,122396,210377
1998-04-17,324906,,,563426,0,4560.192307692,-15462.407643312,98.5,8.1,6417,15381,,104,888332,122439,211207
1998-04-24,325209,,,563426,0,-212.211538462,-15159.407643312,95.8,5.4,6397,14947,7978,104,888635,121821,212209
1998-05-01,327368,,,563426,0,1692.307692308,-16536.734567901,98.2,7.8,6422,15340,,104,890794,122520,212269
1998-05-08,326705,,,563426,0,-1172.288461538,-17199.734567901,95.4,5,6422,14954,,104,890131,124050,216119
1998-05-15,337928,,,563426,0,10849.442307692,-5976.734567901,96.3,5.9,6378,15061,8504,104,901354,123259,213223
1998-05-22,334682,,,563426,0,-3939.903846154,-9222.734567901,98.1,7.7,6368,15340,7959,104,898108,126329,215208
1998-05-29,330394,,,563426,0,-4857.673076923,-13510.734567901,99.5,9.1,6346,15595,,104,893820,131370,218181
1998-06-05,329534,,,563426,0,-1266.403846154,-12516.339622642,97,6.6,6333,15238,9806,104,892960,130454,219566
1998-06-12,326836,,,563426,0,-3095.865384615,-15214.339622642,98.2,7.8,6372,15481,,104,890262,131231,220053
1998-06-19,325182,,,563428,2,-2024.134615385,-16868.339622642,98.4,8,6383,15481,,104,888610,131957,222740
1998-06-26,326843,,,563428,0,1313.76923077,-15207.339622642,98.1,7.7,6269,15408,10018,104,890271,131676,222381
1998-07-03,324057,,,563428,0,-3275.307692308,-10693.030674847,97.2,6.8,6311,15280,7704,105,887485,133695,218243
1998-07-10,317425,,,563429,1,-6975.057692308,-17325.030674847,100,9.6,6354,15724,,105,880854,135707,221489
1998-07-17,322966,,,563429,0,5278.192307692,-11784.030674847,99.5,9.1,6351,15673,9209,,886395,140135,218840
1998-07-24,326795,,,563429,0,3421.461538462,-7955.030674847,99.6,9.2,6354,15651,9264,105,890224,143345,219060
1998-07-31,327478,,,563429,0,11.634615385,-7272.030674847,98.4,8,6340,15521,,106,890907,144032,215752
1998-08-07,328423,,,563429,0,245.807692308,-375.329341317,,,6336,15427,9345,,891852,144002,212407
1998-08-14,327887,,,563429,0,-1154.557692308,-911.329341317,99,8.6,6319,15615,,106,891316,144831,210064
1998-08-21,321012,,,563426,-3,-7471.25,-7786.329341317,99.8,9.4,6315,15716,8993,106,884438,144930,208848
1998-08-28,320694,,,563426,0,-883.076923077,-8104.329341317,100.5,10.1,6346,15763,9379,106,884120,143647,209179
1998-09-04,312057,,,563426,0,-9226.76923077,-11838.64375,98.4,8,6349,15520,,,875483,144689,207008
1998-09-11,309675,,,563426,0,-2922.942307692,-14220.64375,98.9,8.5,6366,15560,8631,,873101,148689,205691
1998-09-18,300336,,,563426,0,-9761.173076923,-23559.64375,96,5.6,6411,15094,7476,,863762,149684,208649
1998-09-25,303433,,,563426,0,2779.75,-20462.64375,94.8,4.4,6396,14898,,104,866859,152563,207493
1998-10-02,305893,,,563426,0,2108.538461538,-19891.05988024,88.5,-1.9,5950,13953,,105,869319,152101,207114
1998-10-09,312682,,,563426,0,6482.288461538,-13102.05988024,86.9,-3.5,6368,13684,,105,876108,149284,199486
1998-10-16,316227,,,563426,0,3065.961538462,-9557.05988024,86.3,-4.1,6418,13577,8158,105,879653,147428,201383
1998-10-23,319964,,,563426,0,3126.365384615,-5820.05988024,87.9,-2.5,6442,13868,,105,883390,147214,199734
1998-10-30,323739,,,563426,0,3181.057692308,-2045.05988024,93.1,2.7,6417,14612,8201,105,887165,145118,200204
1998-11-06,322932,,,563426,0,-1357.788461538,-8979.146341463,94.8,4.4,6398,14905,,105,886358,145151,201825
1998-11-13,320397,,,564015,589,-3095.442307692,-11514.146341463,95.9,5.5,6401,15050,7770,105,884412,145910,206343
1998-11-20,325554,,,564015,0,4746.961538462,-6357.146341463,94.2,3.8,6399,14805,9501,105,889569,145268,205683
1998-11-27,319986,,,564015,0,-6004.634615385,-11925.146341463,93.2,2.8,6401,14713,,,884001,147996,205697
1998-12-04,318465,,,564015,0,-1796.326923077,-9331.017857143,93.5,3.1,6390,14751,,104,882480,149556,208189
1998-12-11,321884,,,564015,0,3081.423076923,-5912.017857143,93.8,3.4,6390,14799,9152,104,885899,152754,210252
1998-12-18,323364,,,568525,4510,1125.51923077,-4432.017857143,93.7,3.3,6449,14705,8794,104,891889,151195,208330
1998-12-25,320706,,,568525,0,-3117.26923077,-7090.017857143,96.8,6.4,6437,15153,8982,104,889231,152532,209868
1999-01-01,305728,,,568525,0,-15448.692307692,-14230.012269939,98.2,7.8,6342,15404,7569,104,874253,153929,210839
1999-01-08,308268,,,568525,0,2233,-11690.012269939,96.5,6.1,6393,15263,,104,876793,154236,217574
1999-01-15,310975,,,568525,0,2330.403846154,-8983.012269939,94.3,3.9,6373,14914,,104,879500,147748,221987
1999-01-22,314148,,,571405,2880,2959.961538462,-5810.012269939,90,-0.4,6352,14163,,104,885553,144253,220885
1999-01-29,316730,,,571405,0,2417.288461538,-3228.012269939,,,6363,14257,8559,104,888135,144134,223083
1999-02-05,317131,,,571405,0,174.673076923,-8553.704697987,90.8,0.4,6369,14332,,104,888536,142894,228189
1999-02-12,315393,,,571951,546,-1971.615384615,-10291.704697987,92.8,2.4,6052,14629,8255,104,887344,143281,226045
1999-02-19,318431,,,572000,49,2870.538461538,-7253.704697987,91.8,1.4,5899,14496,8780,104,890431,141400,229300
1999-02-26,315274,,,571951,-49,-3327.442307692,-10410.704697987,91.5,1.1,5911,14424,8949,104,887225,140153,227413
1999-03-05,318266,,,571951,0,2851.51923077,-15337.89090909,91.1,0.7,5920,14491,,104,890217,136371,226726
1999-03-12,321929,,,571951,0,3450.076923077,-11674.89090909,90.8,0.4,5895,14273,,,893880,131943,222905
1999-03-19,324736,,,571951,0,2484.076923077,-8867.89090909,90.1,-0.3,5894,14247,,104,896687,126880,219788
1999-03-26,328539,,,571951,0,3550.5,-5064.89090909,,,5864,14340,9085,104,900490,122106,214520
1999-04-02,326768,,,571951,0,-2065.98076923,-13600.407643312,93,2.6,5879,14711,,104,898719,124458,214306
1999-04-09,328885,,,571951,0,1882.403846154,-11483.407643312,94.9,4.5,5740,15213,8630,104,900836,129208,217386
1999-04-16,325729,,,571951,0,-3328.807692308,-14639.407643312,94.8,4.4,5849,15240,8983,104,897680,125886,216866
1999-04-23,322286,,,571951,0,-3458.826923077,-18082.407643312,94.2,3.8,5707,15004,,104,894237,127675,214741
1999-04-30,320145,,,571951,0,-2084.788461538,-20223.407643312,95.5,5.1,5877,15274,,104,892096,127434,218406
1999-05-07,317539,,,571951,0,-2467.096153846,-26365.734567901,94,3.6,5835,14965,,104,889490,127311,222885
1999-05-14,318092,,,572452,501,729.26923077,-25812.734567901,93.4,3,5804,14958,9017,,890544,128194,221972
1999-05-21,315769,,,572452,0,-1941.538461538,-28135.734567901,93.9,3.5,5857,15027,8638,104,888221,130493,221589
1999-05-28,314722,,,572452,0,-683.288461538,-29182.734567901,93.8,3.4,5845,14983,,104,887174,131664,223026
1999-06-04,316858,,,572452,0,2437.384615385,-25192.339622642,94.5,4.1,5864,15211,,105,889310,131277,226048
1999-06-11,318672,,,573595,1143,2057.76923077,-23378.339622642,93.7,3.3,5868,15170,,105,892267,133578,221080
1999-06-18,315949,,,573595,0,-2566,-26101.339622642,92.3,1.9,5926,15011,9164,105,889544,130411,220647
1999-06-25,314225,,,573595,0,-1546.442307692,-27825.339622642,92.6,2.2,5884,15007,7958,105,887820,130676,217966
1999-07-02,314030,,,573595,0,47.653846154,-20720.030674847,92.3,1.9,5662,14973,,109,887625,130772,214637
1999-07-09,317718,,,573595,0,3880.826923077,-17032.030674847,93.8,3.4,5808,15117,,109,891313,134597,211022
1999-07-16,318092,,,574799,1204,368.365384615,-16658.030674847,94.9,4.5,5952,15379,9000,109,892891,136057,208902
1999-07-23,312916,,,574799,0,-5082.26923077,-21834.030674847,95.8,5.4,5927,15342,,109,887715,136863,205424
1999-07-30,309516,,,574799,0,-3133.096153846,-25234.030674847,95.3,4.9,5898,15394,,109,884315,136901,204179
1999-08-06,307249,,,574799,0,-1921.576923077,-21549.329341317,96.9,6.5,5925,15562,,108,882048,135889,201096
1999-08-13,305616,,,575702,903,-1225.807692308,-23182.329341317,95.4,5,5950,15469,8633,108,881318,137593,202026
1999-08-20,301091,,,575702,0,-4096.711538462,-27707.329341317,95.5,5.1,5970,15461,9053,108,876793,139736,202168
1999-08-27,301653,,,575702,0,945.096153846,-27145.329341317,93.6,3.2,5994,15224,,108,877355,141615,200462
1999-09-03,297212,,,575702,0,-4074.826923077,-26683.64375,96.5,6.1,6014,15554,,108,872914,141096,198532
1999-09-10,292930,,,575702,0,-3996.51923077,-30965.64375,94.3,3.9,5917,15260,,109,868632,142659,200464
1999-09-17,293119,,,574876,-826,511.01923077,-30776.64375,93.8,3.4,5692,15210,,109,867995,143717,201304
1999-09-24,288862,,,574876,0,-4118.211538462,-35033.64375,93.6,3.2,5973,15157,8474,109,863738,145944,199923
1999-10-01,288395,,,574876,0,-186.788461538,-37389.05988024,93.9,3.5,6032,15198,8678,,863271,144885,201114
1999-10-08,281186,,,574876,0,-6872.5,-44598.05988024,92.5,2.1,6082,15008,,109,856062,143767,203234
1999-10-15,284609,,,575472,596,4028.692307692,-41175.05988024,90,-0.4,6090,14659,,109,860081,143261,202656
1999-10-22,284878,,,575472,0,877.038461538,-40906.05988024,88.9,-1.5,6101,14475,,109,860350,139845,199785
1999-10-29,288599,,,575472,0,4395.73076923,-37185.05988024,90.7,0.3,6111,14749,,109,864071,137974,197816
1999-11-05,288955,,,572791,-2681,1031.76923077,-42956.146341463,90.7,0.3,6134,14725,,109,861746,134042,195514
1999-11-12,290755,,,572769,-22,2453.403846154,-41156.146341463,90.8,0.4,6128,14696,,110,863524,132011,191450
1999-11-19,287692,,,570971,-1798,-2492.961538462,-44219.146341463,91.5,1.1,6059,14838,,,858663,129432,190202
1999-11-26,283338,,,569836,-1135,-3625.884615385,-48573.146341463,91.2,0.8,6006,14843,,,853174,131538,191068
1999-12-03,283063,,,569115,-721,429.76923077,-44733.017857143,91.6,1.2,6087,14925,,110,852178,134773,196648
1999-12-10,277477,,,567975,-1140,-4905.192307692,-50319.017857143,90,-0.4,6057,14631,,110,845452,131816,195581
1999-12-17,276646,,,567976,1,22.98076923,-51150.017857143,90.2,-0.2,6043,14661,,,844622,128879,194295
1999-12-24,276345,,,567684,-292,597.423076923,-51451.017857143,88.8,-1.6,6058,14380,8310,110,844029,123147,192797
1999-12-31,274626,,,567684,0,-865.903846154,-53170.017857143,89,-1.4,6043,14390,8054,,842310,119659,191997
2000-01-07,277549,,,567242,-442,3521.115384615,-42409.012269939,86.1,-4.3,6000,13905,8508,108,844791,122685,194173
2000-01-14,277464,,,567518,276,505.75,-42494.012269939,85.3,-5.1,6019,13746,,108,844982,118825,198240
2000-01-21,275032,,,568115,597,-1787.557692308,-44926.012269939,85.7,-4.7,6013,13850,,108,843147,110647,200815
2000-01-28,266614,,,568414,299,-7665.76923077,-53344.012269939,87.4,-3,5988,14087,6746,108,835028,106497,201447
2000-02-04,269982,,,568994,580,4331.76923077,-55702.704697987,84.6,-5.8,6011,13707,8416,108,838976,99621,200937
2000-02-11,269796,,,569292,298,720.711538462,-55888.704697987,85.3,-5.1,5994,13882,8198,108,839088,99465,199593
2000-02-18,269487,,,569293,1,567.865384615,-56197.704697987,86.2,-4.2,5989,14004,,108,838780,99273,196688
2000-02-25,269816,,,569095,-198,1270.23076923,-55868.704697987,86.7,-3.7,6007,14184,7684,108,838911,101005,196523
2000-03-03,274502,,,569374,279,5560.192307692,-59101.89090909,86.9,-3.5,5974,14201,8818,108,843876,102656,200970
2000-03-10,274933,,,569374,0,1272.615384615,-58670.89090909,89.3,-1.1,5857,14453,,108,844307,102679,198819
2000-03-17,276572,,,569373,-1,2542.76923077,-57031.89090909,89,-1.4,5859,14428,8628,108,845945,101573,199255
2000-03-24,276422,,,569373,0,776.23076923,-57181.89090909,91.3,0.9,5863,14702,8043,108,845795,98911,201120
2000-03-31,277924,,,569412,39,2504.25,-55679.89090909,92.3,1.9,5873,14941,,108,847336,97259,203808
2000-04-07,280771,,,569412,0,3786.307692308,-59597.407643312,91.3,0.9,5820,15010,,109,850183,96666,203566
2000-04-14,286265,,,569413,1,6419.26923077,-54103.407643312,91.3,0.9,5840,15048,,109,855678,92840,202022
2000-04-21,291335,,,569413,0,5828.923076923,-49033.407643312,91.5,1.1,5836,15011,,,860748,93723,200684
2000-04-28,288071,,,569413,0,-2668.788461538,-52297.407643312,93.1,2.7,5838,15368,,109,857484,96433,202506
2000-05-05,292607,,,569413,0,5152.807692308,-51297.734567901,92.4,2,5798,15152,9353,108,862020,95768,200770
2000-05-12,292857,,,569413,0,729.461538462,-51047.734567901,93.8,3.4,5757,15443,8908,108,862270,96134,202479
2000-05-19,293806,,,569413,0,1434.288461538,-50098.734567901,94.8,4.4,5793,15535,,108,863219,97422,203561
2000-05-26,289205,,,569413,0,-4178.634615385,-54699.734567901,95.3,4.9,5784,15669,,108,858618,98075,201075
2000-06-02,285075,,,569413,0,-3639.288461538,-56975.339622642,95.6,5.2,5704,15676,,110,854488,102540,201348
2000-06-09,283639,,,569413,0,-824.788461538,-58411.339622642,95,4.6,5804,15619,8846,110,853052,104943,202699
2000-06-16,279078,,,569413,0,-3887.288461538,-62972.339622642,96.1,5.7,5791,15723,,110,848491,103444,202768
2000-06-23,279405,,,568417,-996,1036.057692308,-62645.339622642,96,5.6,5726,15732,,110,847822,103772,204280
2000-06-30,277611,,,568417,0,-1124.384615385,-64439.339622642,95.5,5.1,5732,15668,8939,109,846028,103748,204522
2000-07-07,278885,,,568892,475,1974.365384615,-55865.030674847,96,5.6,5766,15655,9824,109,847777,108480,205147
2000-07-14,278400,,,569368,476,261.788461538,-56350.030674847,96.1,5.7,5788,15781,9341,109,847768,109263,205638
2000-07-21,278674,,,569368,0,1037.307692308,-56076.030674847,96,5.6,5769,15832,9983,109,848042,110409,206907
2000-07-28,268121,,,569467,99,-9894.5,-66629.030674847,96.2,5.8,5764,15829,,109,837588,110720,206253
2000-08-04,269659,,,570352,885,2334.057692308,-59139.329341317,95.8,5.4,5778,15695,,108,840011,110192,204582
2000-08-11,273059,,,570866,514,4122.884615385,-55739.329341317,95.5,5.1,5745,15709,,108,843925,111475,202442
2000-08-18,268901,,,570866,0,-3531.903846154,-59897.329341317,95.6,5.2,5773,15764,,,839767,112399,201200
2000-08-25,270948,,,571106,240,2666.038461538,-57850.329341317,94.9,4.5,5782,15623,9296,108,842054,112427,196372
2000-09-01,273691,,,571106,0,3333.48076923,-50204.64375,96,5.6,5783,15787,9671,107,844797,112317,195498
2000-09-08,272764,,,571365,259,-474.673076923,-51131.64375,96,5.6,5802,15765,,107,844129,114584,191795
2000-09-15,270282,,,571365,0,-2094.192307692,-53613.64375,93.3,2.9,5803,15318,,,841647,115937,187566
2000-09-22,269781,,,571365,0,-61.826923077,-54114.64375,95.3,4.9,5680,15669,9464,107,841146,114941,190559
2000-09-29,270873,,,570668,-697,1458.942307692,-53022.64375,94.7,4.3,5862,15572,,107,841541,114194,195621
2000-10-06,271752,,,570280,-388,1215.961538462,-54032.05988024,92.4,2,5867,15139,9139,105,842032,113691,195840
2000-10-13,267235,,,570762,482,-4335.576923077,-58549.05988024,90.9,0.5,5864,14943,8983,105,837997,112799,193261
2000-10-20,269640,,,570762,0,2739.115384615,-56144.05988024,92.4,2,5880,15135,9631,105,840402,112211,192240
2000-10-27,268151,,,567886,-2876,-1195.961538462,-57633.05988024,93.5,3.1,5894,15351,,105,836037,113556,188097
2000-11-03,266594,,,565995,-1891,-1163.76923077,-65317.146341463,93,2.6,5903,15359,,105,832589,115710,186147
2000-11-10,268091,,,564498,-1497,1927.01923077,-63820.146341463,92.8,2.4,5889,15291,,105,832589,115161,189003
2000-11-17,274255,,,560326,-4172,6599.846153846,-57656.146341463,92.1,1.7,5854,15082,8853,105,834581,114934,188941
2000-11-24,274177,,,554277,-6049,180.403846154,-57734.146341463,90.1,-0.3,5883,14787,,105,828454,116609,191190
2000-12-01,276195,,,552800,-1477,2194.173076923,-51601.017857143,91.8,1.4,5925,15000,8712,104,828995,120045,195234
2000-12-08,272826,,,547704,-5096,-3236.923076923,-54970.017857143,93.2,2.8,5903,15171,,104,820530,115290,196568
2000-12-15,275859,,,543335,-4369,3122.442307692,-51937.017857143,93.3,2.9,5897,15311,9445,104,819194,116188,198983
2000-12-22,274608,,,541906,-1429,-1235.865384615,-53188.017857143,93,2.6,5875,15186,8637,104,816514,114693,196401
2000-12-29,272771,,,541188,-718,-1803.596153846,-55025.017857143,93.5,3.1,5903,15306,8877,104,813959,116064,193771
2001-01-05,272072,,,540678,-510,-663.326923077,-47886.012269939,91.8,1.4,5944,15099,,103,812750,116761,195663
2001-01-12,271062,,,540678,0,-904.673076923,-48896.012269939,92.2,1.8,5949,15125,8508,103,811740,115174,198713
2001-01-19,269952,,,540678,0,-986.884615385,-50006.012269939,90.5,0.1,5912,14926,7806,103,810630,116151,200703
2001-01-26,266382,,,540678,0,-3472.307692308,-53576.012269939,90.8,0.4,5935,14916,,,807060,114469,205882
2001-02-02,269298,,,541673,995,2920.461538462,-56386.704697987,89.8,-0.6,5929,14727,9217,101,810971,115339,203783
2001-02-09,272662,,,541676,3,3377.153846154,-53022.704697987,89.6,-0.8,5866,14667,9056,101,814338,116147,202920
2001-02-16,260782,,,541676,0,-11935.115384615,-64902.704697987,89.3,-1.1,5857,14794,7689,,802458,117706,204595
2001-02-23,263661,,,541676,0,3046.403846154,-62023.704697987,91.1,0.7,5875,15049,9041,101,805337,116611,204546
2001-03-02,260949,,,541676,0,-2593.634615385,-72654.89090909,91.8,1.4,5876,15088,,101,802625,115644,203021
2001-03-09,268920,,,542130,454,8231.634615385,-64683.89090909,90.1,-0.3,5868,14803,10277,99,811050,114313,201582
2001-03-16,273922,,,542291,161,5117.634615385,-59681.89090909,91.2,0.8,5883,14976,9331,99,816213,110693,198193
2001-03-23,285110,,,542291,0,11238.961538462,-48493.89090909,89.3,-1.1,5868,14664,,99,827401,107898,196272
2001-03-30,286795,,,542291,0,1517.923076923,-46808.89090909,89.1,-1.3,5883,14657,,98,829086,104013,193035
2001-04-06,290606,,,542291,0,3640.403846154,-49762.407643312,90.4,0,5867,14793,,98,832897,101930,193855
2001-04-13,296817,,,542290,-1,6021.865384615,-43551.407643312,93.7,3.3,5855,15370,9864,98,839107,102333,192831
2001-04-20,295392,,,542350,60,-1627.923076923,-44976.407643312,96.2,5.8,5861,15850,,98,837742,101710,193913
2001-04-27,301717,,,542350,0,6246.98076923,-38651.407643312,96.2,5.8,5884,15788,,97,844067,102750,198975
2001-05-04,302335,,,542809,459,355.576923077,-41569.734567901,95.8,5.4,5831,15739,9709,97,845144,103058,200025
2001-05-11,304811,,,543270,461,2288.923076923,-39093.734567901,93.7,3.3,5780,15405,9330,97,848081,102944,204069
2001-05-18,308153,,,543270,0,3112.115384615,-35751.734567901,95.4,5,5785,15641,10241,,851423,102129,203706
2001-05-25,306411,,,543270,0,-2017.903846154,-37493.734567901,95.5,5.1,5819,15710,8951,97,849681,104298,208032
2001-06-01,307913,,,543270,0,1171.115384615,-34137.339622642,97.6,7.2,5823,16047,9846,96,851183,108131,210265
2001-06-08,299709,,,543270,0,-8643.192307692,-42341.339622642,97.2,6.8,5746,16004,8694,96,842979,107435,216010
2001-06-15,298981,,,543270,0,-1037.038461538,-43069.339622642,93.6,3.2,5726,15512,,96,842251,109111,219666
2001-06-22,298973,,,543270,0,-390.75,-43077.339622642,93.1,2.7,5740,15409,9076,96,842243,111191,220745
2001-06-29,294220,,,543270,0,-5129.307692308,-47830.339622642,95.7,5.3,5756,15760,,96,837490,112783,221633
2001-07-06,291112,,,543733,463,-3427.403846154,-43638.030674847,96.1,5.7,5756,15760,9262,94,834845,116413,221549
2001-07-13,298133,,,543733,0,6785.865384615,-36617.030674847,94.4,4,5770,15508,9986,94,841866,119064,217832
2001-07-20,299513,,,543733,0,1000.51923077,-35237.030674847,92.6,2.2,5731,15251,,94,843246,120571,214521
2001-07-27,298463,,,543733,0,-1450.75,-36287.030674847,93,2.6,5705,15249,8893,94,842196,121539,211313
2001-08-03,291804,,,543733,0,-7242.5,-36994.329341317,93.1,2.7,5745,15235,,95,835537,121671,207789
2001-08-10,288954,,,543734,1,-3275.865384615,-39844.329341317,93.4,3,5773,15345,8516,95,832688,120823,204627
2001-08-17,284951,,,543734,0,-4308.673076923,-43847.329341317,91.9,1.5,5785,15182,,95,828685,120869,202069
2001-08-24,287648,,,543734,0,2388.346153846,-41150.329341317,91.6,1.2,5796,15143,9400,95,831382,120737,195874
2001-08-31,285694,,,543734,0,-2275.153846154,-43104.329341317,93.3,2.9,5751,15393,,93,829428,120383,194690
2001-09-07,286655,,,543734,0,730.173076923,-37240.64375,95.4,5,5829,15733,9107,93,830389,121258,195380
2001-09-14,286029,,,544278,544,-893.134615385,-37866.64375,90.9,0.5,5814,15050,8677,93,830307,123349,192331
2001-09-21,289215,,,544759,481,2883.173076923,-34680.64375,89.3,-1.1,5789,14810,,93,833974,121735,200823
2001-09-28,290827,,,544759,0,1238.26923077,-33068.64375,90.8,0.4,5735,15000,,93,835586,122658,203912
2001-10-05,290699,,,544760,1,-511.73076923,-35085.05988024,91.7,1.3,5736,15077,,91,835459,124602,206117
2001-10-12,286259,,,544760,0,-4804.365384615,-39525.05988024,91.1,0.7,5515,15083,,91,831019,126560,208339
2001-10-19,289082,,,544760,0,2457.153846154,-36702.05988024,92.2,1.8,5828,15279,,91,833842,127456,208908
2001-10-26,291538,,,544760,0,2082.115384615,-34246.05988024,92.5,2.1,5879,15343,,91,836298,127931,208308
2001-11-02,295552,,,545205,445,3564.25,-36359.146341463,91.2,0.8,5859,15089,9350,,840757,128217,206944
2001-11-09,295285,,,545734,529,-823.884615385,-36626.146341463,88.5,-1.9,5863,14649,,30,841019,130744,205335
2001-11-16,294065,,,546255,521,-1742.961538462,-37846.146341463,89.8,-0.6,5872,14823,8909,30,840320,130533,206682
2001-11-23,290885,,,546779,524,-3560.961538462,-41026.146341463,90.8,0.4,5882,15055,8217,30,837664,135638,207701
2001-11-30,295140,,,547325,546,3933.692307692,-36771.146341463,91.3,0.9,5873,15095,,,842465,137974,212099
2001-12-07,292803,,,547325,0,-2701.326923077,-34993.017857143,89.1,-1.3,5856,14846,9001,35,840128,140284,211201
2001-12-14,293164,,,548344,1019,-23.173076923,-34632.017857143,89.2,-1.2,5884,14877,8807,35,841508,138701,210320
2001-12-21,295777,,,549047,703,2280.211538462,-32019.017857143,88,-2.4,5911,14630,8692,,844824,137041,207036
2001-12-28,293607,,,549047,0,-2577.096153846,-34189.017857143,90.2,-0.2,5902,14883,,35,842654,137642,207914
2002-01-04,294406,,,550239,1192,398.307692308,-25552.012269939,89.6,-0.8,5922,14876,8662,34,844645,142247,207726
2002-01-11,295434,,,551271,1032,598.5,-24524.012269939,90,-0.4,5922,14953,,34,846705,141942,210500
2002-01-18,298183,,,552457,1186,2280.307692308,-21775.012269939,87.7,-2.7,5911,14602,9187,34,850640,139013,214055
2002-01-25,300289,,,553504,1047,1563.096153846,-19669.012269939,84.8,-5.6,5909,14130,8589,34,853793,138842,216656
2002-02-01,302497,,,554224,720,1555.942307692,-23187.704697987,85.5,-4.9,5916,14180,8595,33,856721,137335,216355
2002-02-08,304998,,,557067,2843,1862.557692308,-20686.704697987,86.3,-4.1,5952,14284,9293,33,862065,137531,217358
2002-02-15,301890,,,557447,380,-3729.846153846,-23794.704697987,86.5,-3.9,5927,14388,8034,33,859337,135683,216883
2002-02-22,299422,,,559171,1724,-3258.538461538,-26262.704697987,87.6,-2.8,5956,14539,8095,33,858593,132702,215753
2002-03-01,303756,,,559725,554,3646.288461538,-29847.89090909,85.4,-5,5966,14149,8201,33,863481,130840,212674
2002-03-08,304089,,,559964,239,-490.211538462,-29514.89090909,84.7,-5.7,5947,14009,8160,33,864053,127987,211544
2002-03-15,306697,,,560916,952,1931.673076923,-26906.89090909,86.1,-4.3,5975,14221,,33,867613,125476,209080
2002-03-22,302253,,,560916,0,-5074.288461538,-31350.89090909,87.7,-2.7,5948,14475,,33,863169,122525,207157
2002-03-29,308278,,,560915,-1,5695.326923077,-25325.89090909,88.3,-2.1,5956,14653,9127,33,869193,119675,211521
2002-04-05,308541,,,561487,572,-150.134615385,-31827.407643312,89.7,-0.7,5916,14973,8849,,870028,121161,212602
2002-04-12,302876,,,563122,1635,-6009.903846154,-37492.407643312,90.9,0.5,5922,15182,8265,33,865998,120086,211127
2002-04-19,304462,,,564938,1816,1469.48076923,-35906.407643312,90.7,0.3,5896,15126,9133,,869400,119718,210555
2002-04-26,309034,,,565517,579,4397.576923077,-31334.407643312,91.2,0.8,5865,15280,9409,33,874551,120191,211946
2002-05-03,303358,,,566756,1239,-5816.711538462,-40546.734567901,93.2,2.8,5879,15514,9160,,870114,121497,214108
2002-05-10,299171,,,567718,962,-4206.673076923,-44733.734567901,92.5,2.1,5889,15407,8765,32,866889,122454,217207
2002-05-17,303801,,,568339,621,4738.461538462,-40103.734567901,90.8,0.4,5894,15084,9101,,872140,123915,216094
2002-05-24,302265,,,569491,1152,-1452.307692308,-41639.734567901,91.8,1.4,5890,15225,8844,32,871756,124930,218100
2002-05-31,308297,,,570742,1251,6111.73076923,-35607.734567901,92.8,2.4,5896,15402,9165,30,879039,127479,215916
2002-06-07,307115,,,571859,1117,-1189.384615385,-34935.339622642,93,2.6,5897,15387,8730,,878974,129215,214362
2002-06-14,306632,,,572750,891,-625.423076923,-35418.339622642,93.2,2.8,5910,15451,9218,30,879382,129490,215229
2002-06-21,303193,,,574333,1583,-3586.134615385,-38857.339622642,92.5,2.1,5939,15341,9030,30,877526,128645,216405
2002-06-28,304766,,,575417,1084,1491.846153846,-37284.339622642,93.7,3.3,5917,15517,,30,880183,128297,216434
2002-07-05,300361,,,576444,1027,-4607.807692308,-34389.030674847,94.1,3.7,5898,15572,8417,30,876805,131376,214720
2002-07-12,298381,,,577525,1081,-2157.865384615,-36369.030674847,92.8,2.4,5885,15448,,30,875906,133471,213232
2002-07-19,294699,,,578048,523,-3686.76923077,-40051.030674847,92.9,2.5,5839,15409,,30,872747,133267,212591
2002-07-26,292722,,,578048,0,-1884.423076923,-42028.030674847,93.8,3.4,5844,15614,,30,870770,134446,211591
2002-08-02,290642,,,578522,474,-1969.596153846,-38156.329341317,91.8,1.4,5604,15289,8686,30,869164,135092,212470
2002-08-09,283437,,,579095,573,-7182.653846154,-45361.329341317,92.1,1.7,5858,15284,,30,862532,133960,207965
2002-08-16,286290,,,579585,490,2959.096153846,-42508.329341317,92.8,2.4,5907,15452,9398,30,865875,133385,208743
2002-08-23,286554,,,580216,631,238.25,-42244.329341317,91.9,1.5,5918,15284,,30,866770,131575,206761
2002-08-30,281926,,,580885,669,-4606.961538462,-46872.329341317,92.2,1.8,5883,15349,,29,862811,129635,205330
2002-09-06,276874,,,582265,1380,-4979.538461538,-47021.64375,92.9,2.5,5773,15436,,,859139,133567,205598
2002-09-13,271470,,,583631,1366,-5215.903846154,-52425.64375,91.2,0.8,5716,15147,8665,,855101,131385,204987
2002-09-20,268878,,,583983,352,-2312.01923077,-55017.64375,91.5,1.1,5736,15174,8953,29,852861,129820,207222
2002-09-27,258896,,,585283,1300,-9590.903846154,-64999.64375,89.9,-0.5,5190,14903,,29,844179,130066,208421
2002-10-04,254248,,,586232,949,-4033.942307692,-71536.05988024,82.9,-7.5,4803,13768,8191,30,840480,127357,205280
2002-10-11,263223,,,587731,1499,9675.98076923,-62561.05988024,79.7,-10.7,5490,13228,9502,30,850954,125426,198979
2002-10-18,270000,,,588130,399,7220,-55784.05988024,86.3,-4.1,5721,14272,9992,30,858130,125577,195357
2002-10-25,270914,,,588563,433,1280.961538462,-54870.05988024,88.6,-1.8,5714,14729,9015,10,859477,123752,194311
2002-11-01,274396,,,589075,512,3878.615384615,-57515.146341463,89.6,-0.8,5711,14861,,10,863471,121897,192146
2002-11-08,267506,,,590641,1566,-6483.153846154,-64405.146341463,89.1,-1.3,5349,14836,,10,858147,121436,194044
2002-11-15,271961,,,591949,1308,4989.211538462,-59950.146341463,90.2,-0.2,5738,15032,10159,10,863910,122851,193499
2002-11-22,268062,,,593506,1557,-3473.923076923,-63849.146341463,91,0.6,5754,15179,8957,10,861568,119961,197419
2002-11-29,271138,,,594637,1131,3514.903846154,-60773.146341463,92.1,1.7,5740,15316,9503,10,865775,119838,199962
2002-12-06,272561,,,597138,2501,1884.576923077,-55235.017857143,91.8,1.4,5763,15256,9882,10,869699,123261,203240
2002-12-13,270500,,,598083,945,-1671.73076923,-57296.017857143,89.2,-1.2,5752,14849,9413,10,868583,124738,203149
2002-12-20,271215,,,598794,711,1150.846153846,-56581.017857143,88,-2.4,5758,14640,9145,,870009,124919,205370
2002-12-27,262089,,,598895,101,-8653.653846154,-65707.017857143,89.9,-0.5,5749,14965,,10,860984,126823,204956
2003-01-03,262508,,,599095,200,1025.115384615,-57450.012269939,89.1,-1.3,5752,14880,8289,10,861603,129748,209828
2003-01-10,256079,,,599251,156,-5815.576923077,-63879.012269939,90.2,-0.2,5728,15035,,,855330,132294,215582
2003-01-17,257664,,,599251,0,2341.826923077,-62294.012269939,88,-2.4,5702,14637,8745,,856915,129240,216270
2003-01-24,257156,,,599247,-4,271.211538462,-62802.012269939,85.2,-5.2,5739,14191,8678,10,856403,122386,212980
2003-01-31,258100,,,599247,0,1773.48076923,-61858.012269939,83.6,-6.8,5764,13848,8379,10,857347,112056,209613
2003-02-07,253779,,,599247,0,-3467.211538462,-71905.704697987,84.3,-6.1,5899,13973,,,853026,108220,212649
2003-02-14,256837,,,599247,0,4042.98076923,-68847.704697987,86.6,-3.8,5906,14306,8762,10,856084,103581,211206
2003-02-21,255803,,,599247,0,-167.596153846,-69881.704697987,86.8,-3.6,5898,14457,8325,10,855050,99053,208095
2003-02-28,257500,,,599247,0,2535.826923077,-68184.704697987,85.6,-4.8,5901,14182,,10,856747,96539,206086
2003-03-07,253212,,,599247,0,-3398.461538462,-80391.89090909,87.9,-2.5,5872,14598,7621,10,852459,98317,202008
2003-03-14,253684,,,599247,0,1450.403846154,-79919.89090909,88.9,-1.5,5886,14770,,10,852931,97226,201083
2003-03-21,257389,,,599247,0,4724.48076923,-76214.89090909,88.5,-1.9,5906,14732,9655,10,856636,99478,198977
2003-03-28,264122,,,599247,0,7595.76923077,-69481.89090909,91,0.6,5906,15106,10361,10,863369,97892,200721
2003-04-04,260624,,,599247,0,-2648.846153846,-79744.407643312,93,2.6,5866,15441,8917,10,859871,96120,202182
2003-04-11,260756,,,599448,201,1053.48076923,-79612.407643312,93.2,2.8,5801,15456,9405,10,860204,95721,201947
2003-04-18,269727,,,599448,0,9781,-70641.407643312,92.2,1.8,5772,15324,,10,869175,96063,201174
2003-04-25,271549,,,599448,0,2489.98076923,-68819.407643312,92.8,2.4,5766,15417,,10,870997,95862,205592
2003-05-02,271099,,,599585,137,270.865384615,-72805.734567901,94.3,3.9,5829,15714,,10,870684,97303,207794
2003-05-09,268376,,,600390,805,-2102.634615385,-75528.734567901,95.4,5,5855,15781,,10,868766,99878,208644
2003-05-16,269040,,,601080,690,1256.211538462,-74864.734567901,95.1,4.7,5807,15737,10073,10,870120,102701,208377
2003-05-23,270067,,,601602,522,1695.48076923,-73837.734567901,94.3,3.9,5813,15626,,10,871669,101519,205034
2003-05-30,272931,,,602527,925,3483.192307692,-70973.734567901,97.3,6.9,5837,16095,10521,10,875458,104514,207281
2003-06-06,268240,,,603975,1448,-4010.884615385,-73810.339622642,95.9,5.5,5803,15896,9884,10,872215,107331,209853
2003-06-13,272224,,,605234,1259,4731.596153846,-69826.339622642,95.5,5.1,5860,15804,10302,10,877458,109419,209124
2003-06-20,268079,,,605532,298,-3483.307692308,-73971.339622642,93.3,2.9,5900,15460,9332,10,873611,109410,208204
2003-06-27,265963,,,607327,1795,-1440.73076923,-76087.339622642,93.8,3.4,5867,15521,9466,10,873290,109727,204960
2003-07-04,265819,,,608692,1365,602.211538462,-68931.030674847,93.9,3.5,5815,15568,9599,10,874511,109192,205486
2003-07-11,262189,,,609300,608,-2965.73076923,-72561.030674847,94.6,4.2,5770,15639,9732,10,871489,114685,209422
2003-07-18,259850,,,610000,700,-1643,-74900.030674847,93,2.6,5777,15424,,10,869850,115199,207820
2003-07-25,260944,,,610700,700,1764.173076923,-73806.030674847,93.6,3.2,5699,15566,,10,871644,117388,204496
2003-08-01,264082,,,612413,1713,3749.115384615,-64716.329341317,91.9,1.5,5738,15362,10294,10,876495,119051,201784
2003-08-08,264262,,,612562,149,690.76923077,-64536.329341317,93,2.6,5747,15490,,10,876824,119918,198147
2003-08-15,262676,,,612700,138,-1217.25,-66122.329341317,94,3.6,5750,15695,9868,,875376,121129,196850
2003-08-22,262492,,,615926,3226,270.115384615,-66306.329341317,93.1,2.7,5736,15461,10246,10,878418,121786,191179
2003-08-29,264253,,,616993,1067,2223.73076923,-64545.329341317,94.7,4.3,5723,15705,10126,22,881246,124732,191898
2003-09-05,259784,,,618456,1463,-4129.134615385,-64111.64375,94.7,4.3,5727,15754,9648,22,878240,128390,192579
2003-09-12,262933,,,620228,1772,3477.653846154,-60962.64375,94.8,4.4,5703,15774,10759,10,883161,131332,195322
2003-09-19,264423,,,621367,1139,1654.173076923,-59472.64375,92.7,2.3,5739,15384,10299,10,885790,131235,196822
2003-09-26,264376,,,622000,633,38.673076923,-59519.64375,90.8,0.4,5734,15092,9513,10,886376,131273,199174
2003-10-03,269223,,,623805,1805,4741.615384615,-56561.05988024,90.2,-0.2,5678,14976,,10,893028,131460,197986
2003-10-10,273020,,,625686,1881,3509.01923077,-52764.05988024,90.8,0.4,5559,15078,,10,898706,129839,194579
2003-10-17,271225,,,627093,1407,-1983.403846154,-54559.05988024,92.1,1.7,5605,15315,,10,898318,132449,195986
2003-10-24,274865,,,628750,1657,3616.442307692,-50919.05988024,93.2,2.8,5614,15431,10159,10,903615,134013,193809
2003-10-31,274914,,,629986,1236,-26.98076923,-50870.05988024,93.7,3.3,5550,15538,10176,10,904900,132693,191334
2003-11-07,273975,,,631209,1223,-948.961538462,-57936.146341463,91.6,1.2,5596,15143,,10,905184,131191,192267
2003-11-14,276885,,,632222,1013,2785.596153846,-55026.146341463,92.3,1.9,5692,15296,,10,909107,128908,192194
2003-11-21,271996,,,632635,413,-4983.692307692,-59915.146341463,91.3,0.9,5683,15193,,10,904631,128304,193653
2003-11-28,267167,,,633380,745,-4904.653846154,-64744.146341463,93.5,3.1,5709,15478,,10,900547,131084,197110
2003-12-05,261722,,,634179,799,-5368.634615385,-66074.017857143,94.2,3.8,5597,15691,,10,895901,132118,200472
2003-12-12,256598,,,634700,521,-4915.557692308,-71198.017857143,92,1.6,5592,15287,9140,10,891298,130747,202377
2003-12-19,258243,,,635658,958,1912.346153846,-69553.017857143,91.6,1.2,5663,15187,9515,10,893901,128435,202987
2003-12-26,254466,,,636355,697,-3527.538461538,-73330.017857143,91.7,1.3,5658,15206,9438,10,890821,129145,203619
2004-01-02,252611,,,638232,1877,-1708.403846154,-67347.012269939,92.7,2.3,5664,15387,9759,10,890843,135515,206308
2004-01-09,247627,,,639277,1045,-4793.673076923,-72331.012269939,90.8,0.4,5705,15057,9214,10,886904,138321,208416
2004-01-16,248839,,,639586,309,1374.538461538,-71119.012269939,89.7,-0.7,5717,14873,,10,888425,135469,209484
2004-01-23,247323,,,640462,876,-1346.288461538,-72635.012269939,88.8,-1.6,5709,14710,,10,887785,131023,206040
2004-01-30,255245,,,641063,601,8111.096153846,-64713.012269939,87.6,-2.8,5710,14508,10488,10,896308,124152,205593
2004-02-06,252192,,,641855,792,-2998.096153846,-73492.704697987,90.3,-0.1,5703,14826,8447,10,894047,118258,204417
2004-02-13,257092,,,643444,1589,4930.51923077,-68592.704697987,90.3,-0.1,5658,14952,10160,10,900536,112470,205023
2004-02-20,257092,,,645327,1883,-4.903846154,-68592.704697987,87.3,-3.1,5622,14454,,10,902419,111380,203378
2004-02-27,259092,,,646581,1254,1975.211538462,-66592.704697987,88.6,-1.8,5661,14655,9837,10,905673,111309,202014
2004-03-05,262729,,,647542,961,3606.384615385,-70874.89090909,89.1,-1.3,5675,14735,9788,10,910271,112747,200420
2004-03-12,264309,,,648200,658,1396.98076923,-69294.89090909,87.6,-2.8,5658,14466,9498,10,912509,111767,199626
2004-03-19,271841,,,649569,1369,7327.673076923,-61762.89090909,87.9,-2.5,5657,14575,10108,10,921410,110415,199523
2004-03-26,277539,,,650882,1313,5420.076923077,-56064.89090909,88.7,-1.7,5658,14643,10077,10,928421,109739,200885
2004-04-02,276118,,,652143,1261,-1679.01923077,-64250.407643312,89.9,-0.5,5661,14869,9757,10,928261,105185,200057
2004-04-09,279266,,,652985,842,2850.038461538,-61102.407643312,88,-2.4,5611,14633,9461,10,932251,103896,197451
2004-04-16,279474,12512,0.823699803,654312,1327,-147.961538462,-60894.407643312,91.9,1.5,5588,15190,,10,933786,104632,199083
2004-04-23,282653,12905,0.85119715,656502,2190,2991.557692308,-57715.407643312,91.3,0.9,5618,15161,10469,,939155,104787,199958
2004-04-30,282748,12731,0.82193815,657588,1086,-118.538461538,-57620.407643312,93,2.6,5624,15489,,10,940336,107219,203996
2004-05-07,283676,,,659033,1445,703.98076923,-60228.734567901,96,5.6,5626,15954,9926,,942709,107527,202450
2004-05-14,282580,,,659331,298,-1390.23076923,-61324.734567901,95.3,4.9,5611,15932,,17,941911,109178,203674
2004-05-21,282605,15378,0.972614003,659480,149,-235.384615385,-61299.734567901,94.6,4.2,5608,15811,10493,10,942085,108667,203017
2004-05-28,285384,15971,1.010758813,660346,866,2537.884615385,-58520.734567901,94.9,4.5,5460,15801,10703,10,945730,108936,204279
2004-06-04,286099,16521,1.032239925,661343,997,475.51923077,-55951.339622642,96,5.6,5452,16005,,10,947442,108331,206432
2004-06-11,286951,15494,0.961583814,661339,-4,508.557692308,-55099.339622642,96.4,6,5411,16113,,10,948290,109758,205943
2004-06-18,289366,13709,0.857026757,661339,0,2131.788461538,-52684.339622642,95.6,5.2,5434,15996,10188,,950705,110389,205134
2004-06-25,288862,11810,0.735504764,662380,1041,-913.365384615,-53188.339622642,96.1,5.7,5394,16057,10591,10,951242,110918,205148
2004-07-02,288952,15297,0.952609291,662380,0,-350.365384615,-45798.030674847,96.7,6.3,5404,16058,10138,,951332,114024,206108
2004-07-09,286780,16361,1.033217556,662876,496,-2616.865384615,-47970.030674847,95.2,4.8,5485,15835,10054,10,949656,116729,205903
2004-07-16,283207,,,662873,-3,-4045.903846154,-51543.030674847,94.5,4.1,5334,15749,,10,946080,118421,208420
2004-07-23,284379,16577,1.024409838,663967,1094,722.826923077,-50371.030674847,97,6.6,5446,16182,,10,948346,119091,207651
2004-07-30,282564,15236,0.944341143,664516,549,-2265.673076923,-52186.030674847,96.3,5.9,5367,16134,10351,,947080,121152,210108
2004-08-06,278427,14767,0.934975307,665670,1154,-4492.423076923,-50371.329341317,94.7,4.3,5414,15794,9524,16,944097,122490,208296
2004-08-13,277216,,,666182,512,-1483.403846154,-51582.329341317,95.8,5.4,5243,15927,,,943398,124567,205742
2004-08-20,275516,14512,0.904174455,667208,1026,-1979.615384615,-53282.329341317,96,5.6,5113,16050,10549,,942724,125050,205743
2004-08-27,271284,14395,0.89918171,668516,1308,-4482.461538462,-57514.329341317,95.7,5.3,5401,16009,10280,,939800,126355,206552
2004-09-03,269754,,,669003,487,-1665.211538462,-54141.64375,96.5,6.1,5360,16111,10711,,938757,126649,204073
2004-09-10,262742,14266,0.89151356,669301,298,-7203.73076923,-61153.64375,95.7,5.3,5337,16002,9914,10,932043,128321,202493
2004-09-17,253630,,,669857,556,-9108.326923077,-70265.64375,88.1,-2.3,5087,14740,8426,,923487,126817,199654
2004-09-24,257031,,,670442,585,3608.557692308,-66864.64375,83.7,-6.7,4946,14003,,10,927473,125487,198846
2004-10-01,257912,,,670150,-292,1022.25,-67872.05988024,88.9,-1.5,4656,14852,10180,,928062,123360,199429
2004-10-08,262115,14148,0.975522306,669200,-950,4420.51923077,-63669.05988024,86.9,-3.5,5033,14503,10054,17,931315,120923,200616
2004-10-15,263313,14561,0.98498275,668949,-251,1407.711538462,-62471.05988024,88.2,-2.2,5090,14783,10097,,932262,119020,199883
2004-10-22,267257,15176,1.019686891,669595,646,4096.153846154,-58527.05988024,89.2,-1.2,5110,14883,,17,936852,116576,201163
2004-10-29,273529,,,669715,120,6418.307692308,-52255.05988024,89.4,-1,5176,14958,10676,,943244,115715,201677
2004-11-05,275232,16281,1.057139147,670323,608,1729.634615385,-56679.146341463,92.6,2.2,5319,15401,10495,16,945555,115578,201270
2004-11-12,276047,13013,0.834273625,671248,925,790.826923077,-55864.146341463,93.5,3.1,5391,15598,10229,16,947295,114577,200879
2004-11-19,276132,16038,1.032710882,671247,-1,101.115384615,-55779.146341463,92.9,2.5,5395,15530,10189,10,947379,115607,202741
2004-11-26,276981,,,671247,0,769.461538462,-54930.146341463,94,3.6,5408,15605,10056,10,948228,117922,205741
2004-12-03,277522,,,672772,1525,352.26923077,-50274.017857143,94,3.6,5396,15745,10864,10,950294,119299,208096
2004-12-10,277396,,,673234,462,-429.846153846,-50400.017857143,93.7,3.3,5439,15693,10366,,950630,119336,209616
2004-12-17,279520,,,673606,372,1724.038461538,-48276.017857143,93.4,3,5461,15568,10545,,953126,119920,211381
2004-12-24,278661,,,673606,0,-1268.173076923,-49135.017857143,94.2,3.8,5421,15715,9863,10,952267,119129,212251
2004-12-31,275442,16698,1.057103064,674000,394,-3684.288461538,-52354.017857143,94.8,4.4,5430,15796,,,949442,121099,214327
2005-01-07,273060,,,675606,1606,-2821.057692308,-46898.012269939,94,3.6,5430,15610,,10,948666,122980,215333
2005-01-14,276461,,,676460,854,2911.903846154,-43497.012269939,91.5,1.1,5417,15215,,10,952921,123764,216969
2005-01-21,279890,16912,1.11446458,677618,1158,2897.807692308,-40068.012269939,91,0.6,5456,15175,10458,,957508,121485,214712
2005-01-28,279566,17480,1.148941764,678627,1009,-950.288461538,-40392.012269939,91.6,1.2,5437,15214,9886,10,958193,118598,216342
2005-02-04,278156,,,679675,1048,-1877.711538462,-47528.704697987,90,-0.4,5421,15038,9914,10,957831,115607,216757
2005-02-11,280298,17495,1.143165186,680515,840,1642.692307692,-45386.704697987,91.7,1.3,5427,15304,10434,10,960813,112516,221678
2005-02-18,280906,17811,1.189938536,681059,544,161.73076923,-44778.704697987,90.2,-0.2,5436,14968,,10,961965,111760,223510
2005-02-25,283301,18186,1.22160274,681513,454,1937.038461538,-42383.704697987,89.3,-1.1,5492,14887,10065,10,964814,110022,224483
2005-03-04,286276,,,682015,502,2509.442307692,-47327.89090909,89.5,-0.9,5489,14930,10099,17,968291,109212,224282
2005-03-11,288869,,,683657,1642,2140.173076923,-44734.89090909,90.7,0.3,5504,15110,,10,972526,107273,221352
2005-03-18,292966,,,685368,1711,3624.692307692,-40637.89090909,90.2,-0.2,5480,14960,10270,10,978334,104514,217293
2005-03-25,298349,,,686878,1510,4976.75,-35254.89090909,91.1,0.7,5496,15182,10568,,985227,103438,214358
2005-04-01,301151,21149,1.361465173,687500,622,2401.807692308,-39217.407643312,93.7,3.3,5504,15534,9890,,988651,104110,212252
2005-04-08,304805,,,688751,1251,3172.596153846,-35563.407643312,91,0.6,5428,15246,,10,993556,103993,213100
2005-04-15,303032,,,689804,1053,-2264.134615385,-37336.407643312,91.8,1.4,5441,15383,9718,10,992836,104044,211636
2005-04-22,308447,22780,1.488888889,690740,936,4961.961538462,-31921.407643312,91.3,0.9,5415,15300,10863,10,999187,102601,211306
2005-04-29,311127,22529,1.463682432,691215,475,2183.961538462,-29241.407643312,91.7,1.3,5423,15392,,,1002342,102283,213507
2005-05-06,313562,21952,1.428608616,692012,797,1889.25,-30342.734567901,91.8,1.4,5510,15366,9992,17,1005574,103978,213694
2005-05-13,317905,22047,1.420188096,692467,455,3768.26923077,-25999.734567901,94,3.6,5521,15524,10859,20,1010372,103759,214765
2005-05-20,316218,20540,1.296471628,692909,442,-2366.326923077,-27686.734567901,94.6,4.2,5539,15843,,20,1009127,105655,215374
2005-05-27,317706,20417,1.269240333,693295,386,841.596153846,-26198.734567901,96.2,5.8,5537,16086,,20,1011001,106438,216678
2005-06-03,314711,,,693939,644,-3616.576923077,-27339.339622642,94.9,4.5,5515,16060,,17,1008650,107729,216647
2005-06-10,312928,20141,1.232543908,694935,996,-2333.23076923,-29122.339622642,96.7,6.3,5542,16341,10617,17,1007863,110156,215742
2005-06-17,311349,19771,1.239172673,695563,628,-2078.557692308,-30701.339622642,94.8,4.4,5541,15955,,,1006912,111530,215939
2005-06-24,312453,19296,1.185986478,695800,237,681.25,-29597.339622642,96.3,5.9,5359,16270,,,1008253,113166,216240
2005-07-01,308884,18585,1.12882653,696300,500,-4022.673076923,-25866.030674847,98.1,7.7,5498,16464,10219,19,1005184,117233,215266
2005-07-08,304985,,,697000,700,-4282.307692308,-29765.030674847,96.2,5.8,5463,16080,,19,1001985,120426,212641
2005-07-15,304085,,,697484,484,-1250.096153846,-30665.030674847,92.8,2.4,4758,15580,10825,,1001569,122652,211322
2005-07-22,301840,,,698000,516,-2646.5,-32910.030674847,93.5,3.1,5448,15753,9940,19,999840,125789,209194
2005-07-29,302036,19334,1.20566226,698205,205,-139.788461538,-32714.030674847,95.8,5.4,5149,16036,10956,19,1000241,127274,205177
2005-08-05,304790,,,698933,728,2379.538461538,-24008.329341317,95,4.6,5417,15972,,19,1003723,129872,203091
2005-08-12,305031,,,699756,823,-265.98076923,-23767.329341317,93.5,3.1,5359,15641,10305,19,1004787,131063,198122
2005-08-19,306883,,,700231,475,1317.096153846,-21915.329341317,93.4,3,5395,15676,10577,19,1007114,132489,194877
2005-08-26,305363,,,700500,269,-2123.211538462,-23435.329341317,97.1,6.7,5427,16248,10463,19,1005863,135234,194369
2005-09-02,298938,16640,1.13824475,700500,0,-7080.365384615,-24957.64375,86.8,-3.6,4360,14619,,19,999438,134418,190067
2005-09-09,292378,16087,1.09666644,699200,-1300,-7121.23076923,-31517.64375,87.3,-3.1,4268,14669,,19,991578,133313,191959
2005-09-16,292056,16064,1.047948333,696464,-2736,-891.923076923,-31839.64375,90.8,0.4,4500,15329,,19,988520,134133,195431
2005-09-23,289644,,,695500,-964,-3150.961538462,-34251.64375,86.7,-3.7,4348,14620,9693,19,985144,133560,199831
2005-09-30,289398,,,693250,-2250,-873.173076923,-34497.64375,69.8,-20.6,3813,11715,8119,19,982648,128034,195454
2005-10-07,290324,14700,1.168242867,690520,-2730,320.5,-35460.05988024,74.9,-15.5,3901,12583,8619,20,980844,124627,192803
2005-10-14,295879,,,688700,-1820,5012.51923077,-29905.05988024,79.1,-11.3,4147,13285,,20,984579,122712,195710
2005-10-21,300293,15010,1.104001177,687100,-1600,3787.73076923,-25491.05988024,80.7,-9.7,4108,13596,9957,,987393,121090,195869
2005-10-28,303027,15603,1.119136422,685200,-1900,2098.692307692,-22757.05988024,82.5,-7.9,4068,13942,,20,988227,120931,196904
2005-11-04,307436,16448,1.15359798,684500,-700,3841.73076923,-24475.146341463,84,-6.4,4306,14258,,20,991936,120847,201127
2005-11-11,305277,17147,1.18426687,684700,200,-2778.307692308,-26634.146341463,86.2,-4.2,4583,14479,,,989977,123374,200175
2005-11-18,305631,16876,1.131857814,684400,-300,-208.115384615,-26280.146341463,88.1,-2.3,4579,14910,10219,20,990031,124539,200413
2005-11-25,301443,17314,1.142913724,685100,700,-4755.288461538,-30468.146341463,89.3,-1.1,4765,15149,9693,,986543,127852,199868
2005-12-02,304230,17734,1.15096054,685600,500,2316.576923077,-23566.017857143,90.6,0.2,5021,15408,10579,20,989830,130589,202609
2005-12-09,305122,21355,1.403088042,685600,0,378.384615385,-22674.017857143,89.6,-0.8,4933,15220,10429,20,990722,130501,204375
2005-12-16,306422,21242,1.42353572,685100,-500,766.807692308,-21374.017857143,88,-2.4,4890,14922,9859,20,991522,127680,204074
2005-12-23,306540,22116,1.465897793,685100,0,-399.346153846,-21256.017857143,88.9,-1.5,4891,15087,,,991640,126790,202853
2005-12-30,305527,,,684600,-500,-1549.134615385,-22269.017857143,89.9,-0.5,4864,15242,10058,20,990127,128904,204259
2006-01-06,302584,21635,1.417665946,684300,-300,-3521.557692308,-17374.012269939,89.8,-0.6,5023,15261,9870,20,986884,133766,208778
2006-01-13,305325,,,684300,0,2173.23076923,-14633.012269939,86.5,-3.9,5110,14693,9846,20,989625,134677,211635
2006-01-20,303016,21386,1.456911234,684496,196,-2864.076923077,-16942.012269939,86.2,-4.2,5119,14679,,20,987512,136466,214763
2006-01-27,304935,,,683700,-796,1474.26923077,-15023.012269939,87,-3.4,4862,14721,9596,21,988635,136268,219044
2006-02-03,304523,,,683900,200,-899.865384615,-21161.704697987,85.8,-4.6,4903,14518,,21,988423,135955,223344
2006-02-10,309376,,,683900,0,4345.942307692,-16308.704697987,86.1,-4.3,5003,14602,10264,21,993276,136862,225459
2006-02-17,310497,,,684300,400,561.807692308,-15187.704697987,86.6,-3.8,4997,14554,9959,21,994797,135602,225648
2006-02-24,312135,22244,1.537674547,684600,300,1068.942307692,-13549.704697987,85.2,-5.2,4985,14466,9878,,996735,134096,225867
2006-03-03,318776,23528,1.671616341,684800,200,6086.5,-14827.89090909,83,-7.4,5054,14075,,21,1003576,131436,224765
2006-03-10,323612,,,684800,0,4211,-9991.89090909,85.7,-4.7,5154,14388,9940,21,1008412,127542,223884
2006-03-17,322302,,,685200,400,-1978.134615385,-11301.89090909,86.7,-3.7,5027,14643,,21,1007502,126672,221563
2006-03-24,324332,,,685700,500,1465.846153846,-9271.89090909,87,-3.4,5016,14728,10100,21,1010032,124172,216226
2006-03-31,326442,,,686300,600,1610.326923077,-7161.89090909,85.9,-4.5,5024,14644,,22,1012742,121608,211782
2006-04-07,329594,,,686457,157,2665.634615385,-10774.407643312,85.6,-4.8,5053,14575,,22,1016051,117368,207927
2006-04-14,328788,,,686896,439,-1282.711538462,-11580.407643312,86.2,-4.2,5125,14721,9665,22,1015684,114580,202482
2006-04-21,328562,25055,1.663236856,687116,220,-721.307692308,-11806.407643312,88.2,-2.2,5127,15064,,22,1015678,115596,200594
2006-04-28,330289,24999,1.66183607,687614,498,1340.173076923,-10079.407643312,88.8,-1.6,5122,15043,9811,22,1017903,114530,202708
2006-05-05,330615,,,688057,443,-42.5,-13289.734567901,90.2,-0.2,5128,15315,,21,1018672,114700,205050
2006-05-12,330550,24429,1.592918623,688599,542,-392.942307692,-13354.734567901,89.8,-0.6,5069,15336,10383,21,1019149,114580,206375
2006-05-19,327552,23157,1.510271962,688599,0,-3241.173076923,-16352.734567901,89.7,-0.7,5093,15333,,21,1016151,117057,208483
2006-05-26,329151,,,688598,-1,1381.038461538,-14753.734567901,91.4,1,5088,15519,10842,,1017749,118892,209277
2006-06-02,330434,,,688598,0,1062.903846154,-11616.339622642,91,0.6,5097,15634,,21,1019032,120653,210331
2006-06-09,329454,22527,1.423057486,688597,-1,-1282.365384615,-12596.339622642,92.7,2.3,5211,15830,,21,1018051,122759,213146
2006-06-16,330839,23642,1.480586172,688599,2,1067.192307692,-11211.339622642,93.3,2.9,5198,15968,,21,1019438,124450,213440
2006-06-23,327510,24127,1.496340858,688598,-1,-3703.807692308,-14540.339622642,93.8,3.4,5162,16124,,,1016108,126287,212350
2006-06-30,325089,,,688598,0,-2710.557692308,-16961.339622642,93.1,2.7,5129,15940,10539,22,1013687,127323,213077
2006-07-07,319159,,,687848,-750,-6241.634615385,-15591.030674847,90.5,0.1,5275,15496,,22,1007007,129899,212651
2006-07-14,319310,,,687847,-1,-121.576923077,-15440.030674847,92.9,2.5,5265,15906,,22,1007157,131098,214194
2006-07-21,319340,25361,1.603401404,687847,0,-262.788461538,-15410.030674847,92.5,2.1,5141,15817,10507,22,1007187,131897,211030
2006-07-28,317566,25591,1.649329724,687846,-1,-2110.538461538,-17184.030674847,90.8,0.4,4940,15516,,,1005412,132558,210868
2006-08-04,316380,24796,1.588672476,687845,-1,-1484.653846154,-12418.329341317,91.6,1.2,5144,15608,10165,21,1004225,132422,207659
2006-08-11,314773,25069,1.609256644,687845,0,-1829.884615385,-14025.329341317,91.5,1.1,5150,15578,10022,,1002618,133170,205393
2006-08-18,314130,,,687843,-2,-830.346153846,-14668.329341317,92.8,2.4,5087,15747,10197,21,1001973,135481,205795
2006-08-25,316611,,,687842,-1,2341.634615385,-12187.329341317,92.9,2.5,5099,15801,11153,21,1004453,136845,206162
2006-09-01,314507,25076,1.567935972,687842,0,-2320.307692308,-9388.64375,93.6,3.2,5101,15993,10365,21,1002349,139947,206880
2006-09-08,311603,,,687840,-2,-3203.403846154,-12292.64375,93,2.6,5076,16018,,21,999443,144588,206994
2006-09-15,308755,22258,1.395223469,687839,-1,-3217.711538462,-15140.64375,93.4,3,5109,15953,,21,996594,148670,207554
2006-09-22,308646,22264,1.40502335,687838,-1,-430.134615385,-15249.64375,92.4,2,5106,15846,11083,,996484,151288,213899
2006-09-29,312001,,,687838,0,2989.576923077,-11894.64375,89.9,-0.5,5151,15273,,21,999839,151466,215052
2006-10-06,314132,,,687927,89,1696.326923077,-11652.05988024,89.2,-1.2,5253,15296,10364,21,1002059,149946,215397
2006-10-13,319152,,,687926,-1,4562.153846154,-6632.05988024,86.3,-4.1,5132,14813,10430,21,1007078,145399,210175
2006-10-20,315947,21989,1.47864972,688195,269,-3652.557692308,-9837.05988024,86.2,-4.2,5221,14871,9494,21,1004142,143981,207416
2006-10-27,317857,,,688438,243,1608.961538462,-7927.05988024,88.9,-1.5,5307,15277,10093,21,1006295,141258,204617
2006-11-03,318374,,,688515,77,231.807692308,-13537.146341463,88.1,-2.3,5329,15153,,,1006889,138583,204033
2006-11-10,319657,23742,1.590008036,688605,90,1072.653846154,-12254.146341463,87.3,-3.1,5326,14932,,21,1008262,135018,200252
2006-11-17,324818,,,688605,0,4884.461538462,-7093.146341463,87.1,-3.3,5269,14992,,21,1013423,133820,201658
2006-11-24,324458,24248,1.599366796,688605,0,-728.98076923,-7453.146341463,88.1,-2.3,5030,15161,9758,21,1013063,132818,201069
2006-12-01,323268,,,688605,0,-1632.596153846,-4528.017857143,90.5,0.1,5368,15480,,,1011873,132359,200031
2006-12-08,318973,,,688605,0,-4661.115384615,-8823.017857143,89.1,-1.3,5357,15311,9598,21,1007578,131914,199857
2006-12-15,312650,,,688605,0,-6589.365384615,-15146.017857143,90.7,0.3,5348,15543,,,1001255,133120,200915
2006-12-22,304518,,,688605,0,-8251.76923077,-23278.017857143,90.9,0.5,5361,15625,,21,993123,133592,203853
2006-12-29,303219,26057,1.67795737,688605,0,-1260.115384615,-24577.017857143,91,0.6,5369,15529,,21,991824,135563,209532
2007-01-05,297470,,,688605,0,-5704.615384615,-22488.012269939,91.5,1.1,5370,15603,,,986075,140965,213295
2007-01-12,304238,24295,1.608833852,688605,0,6866.346153846,-15720.012269939,87.9,-2.5,5317,15101,11057,,992843,141875,216786
2007-01-19,305027,23758,1.594924812,688605,0,809.903846154,-14931.012269939,87.4,-3,5241,14896,,22,993632,142625,220795
2007-01-26,307711,,,688605,0,2645.326923077,-12247.012269939,87.1,-3.3,5224,14784,,22,996316,139977,224614
2007-02-02,307193,,,688605,0,-571.384615385,-18491.704697987,87.3,-3.1,5283,14837,,22,995798,136345,227214
2007-02-09,306604,21234,1.431248315,688605,0,-640.346153846,-19080.704697987,86.6,-3.8,5316,14836,9584,22,995209,133327,225156
2007-02-16,310298,,,688605,0,3747.307692308,-15386.704697987,85.2,-5.2,5323,14420,9742,,998903,128290,222115
2007-02-23,311719,,,688605,0,1424.826923077,-13965.704697987,86,-4.4,5285,14616,,22,1000324,124503,220175
2007-03-02,306822,,,688604,-1,-4889,-26781.89090909,85.8,-4.6,5267,14757,8872,22,995426,123172,216425
2007-03-09,308002,22311,1.528988487,688604,0,1409.884615385,-25601.89090909,85.6,-4.8,5218,14592,9802,22,996606,120439,213939
2007-03-16,311926,,,688604,0,4224.192307692,-21677.89090909,86.3,-4.1,5235,14789,,22,1000530,118729,210489
2007-03-23,311080,,,688603,-1,-646.461538462,-22523.89090909,87,-3.4,5218,14956,,22,999683,118029,210231
2007-03-30,315387,,,688603,0,4561.846153846,-18216.89090909,87,-3.4,5243,14841,10245,,1003990,117952,205201
2007-04-06,316219,,,688661,58,1044.596153846,-24149.407643312,88.4,-2,5179,15072,,22,1004880,118122,199725
2007-04-13,315225,28015,1.813973064,688915,254,-736.788461538,-25143.407643312,90.4,0,5125,15444,,22,1004140,117327,197007
2007-04-20,317299,,,689025,110,2334.826923077,-23069.407643312,87.8,-2.6,5128,15086,,22,1006324,117332,194214
2007-04-27,318468,,,689313,288,1385.596153846,-21900.407643312,88.3,-2.1,5089,15132,10264,22,1007781,117134,193099
2007-05-04,323940,,,689477,164,5699.326923077,-19964.734567901,89,-1.4,5131,15306,,22,1013417,118764,193471
2007-05-11,325001,,,689609,132,1189.365384615,-18903.734567901,89.5,-0.9,5201,15340,10332,23,1014610,119756,195235
2007-05-18,326970,,,689691,82,2075.711538462,-16934.734567901,91.1,0.7,5207,15691,10892,,1016661,120268,196666
2007-05-25,325014,26727,1.71162344,689988,297,-1944.807692308,-18890.734567901,91.1,0.7,5148,15615,10018,23,1015002,120415,198027
2007-06-01,325227,26157,1.700715215,690270,282,292.557692308,-16823.339622642,89.6,-0.8,5180,15380,,23,1015497,122279,201537
2007-06-08,325309,,,690270,0,182.134615385,-16741.339622642,89.2,-1.2,5170,15371,10141,23,1015579,122566,201540
2007-06-15,332211,25542,1.700306218,690270,0,6981.711538462,-9839.339622642,87.6,-2.8,5093,15022,,,1022481,122723,203331
2007-06-22,333773,,,690270,0,1535.615384615,-8277.339622642,89.4,-1,5108,15430,10501,23,1024043,120448,202582
2007-06-29,336924,,,690270,0,3030.557692308,-5126.339622642,90,-0.4,5122,15544,10778,23,1027194,121610,204433
2007-07-06,335336,22813,1.466036887,690270,0,-1815.596153846,585.969325153,90.2,-0.2,5198,15561,10025,23,1025606,122370,205576
2007-07-13,334887,22621,1.44543131,690270,0,-760.096153846,136.969325153,91,0.6,5201,15650,10375,23,1025157,122225,203341
2007-07-20,333784,21239,1.342371382,690270,0,-1402.557692308,-966.030674847,91.7,1.3,5184,15822,10378,23,1024054,123653,204134
2007-07-27,327287,20747,1.279888957,690270,0,-6774.76923077,-7463.030674847,93.6,3.2,5206,16210,10165,23,1017557,126542,204720
2007-08-03,323326,19268,1.220188715,690270,0,-4147.942307692,-5472.329341317,91.3,0.9,5142,15791,9998,24,1013596,127516,202997
2007-08-10,318159,18436,1.168092251,690270,0,-5300.576923077,-10639.329341317,91.8,1.4,5192,15783,9873,24,1008429,127669,201940
2007-08-17,320049,18702,1.18916513,690270,0,1824.884615385,-8749.329341317,91.6,1.2,5119,15727,10815,24,1010319,129025,196231
2007-08-24,316563,18677,1.207382507,690271,1,-3599.826923077,-12235.329341317,90.3,-0.1,5161,15469,9822,24,1006834,129914,192564
2007-08-31,312591,20531,1.291176656,690271,0,-3971.076923077,-16207.329341317,92.1,1.7,5021,15901,10237,25,1002862,132170,191083
2007-09-07,305578,20017,1.28610897,690437,166,-6976.153846154,-18317.64375,90.5,0.1,5129,15564,9563,25,996015,133963,190417
2007-09-14,301704,18337,1.194048317,690912,475,-3758.134615385,-22191.64375,89.6,-0.8,5039,15357,9805,25,992616,135527,190834
2007-09-21,303546,18128,1.207084832,692541,1629,1977.596153846,-20349.64375,86.9,-3.5,5027,15018,10442,25,996087,137060,191366
2007-09-28,304684,18393,1.213738947,692804,263,1236.076923077,-19211.64375,87.5,-2.9,5064,15154,10253,25,997488,135887,191325
2007-10-05,302875,18592,1.230361988,692803,-1,-1668.288461538,-22909.05988024,87.8,-2.6,5059,15111,9869,24,995678,135324,193000
2007-10-12,304659,18417,1.217813926,693305,502,2000.48076923,-21125.05988024,87.3,-3.1,5102,15123,10408,24,997964,136318,195768
2007-10-19,299371,18160,1.215528782,693851,546,-5009.288461538,-26413.05988024,87.1,-3.3,5122,14940,9103,24,993222,134471,193837
2007-10-26,295477,15050,1.008240102,693943,92,-3575.23076923,-30307.05988024,86.2,-4.2,5114,14927,9381,24,989420,135279,195132
2007-11-02,294517,13410,0.900967482,694035,92,-529.615384615,-37394.146341463,86.2,-4.2,5126,14884,9656,25,988552,135377,194313
2007-11-09,297331,13421,0.89187932,694680,645,3272.788461538,-34580.146341463,87.7,-2.7,5134,15048,10487,25,992011,133412,195027
2007-11-16,296260,14564,0.977646506,694773,93,-641.653846154,-35651.146341463,87,-3.4,4942,14897,9820,25,991033,131005,195190
2007-11-23,295808,15229,0.98442146,694773,0,97.192307692,-36103.146341463,89.4,-1,5117,15470,10354,25,990581,130916,196628
2007-11-30,287895,15900,1.029126214,695409,636,-7362.038461538,-44016.146341463,89.4,-1,5133,15450,9374,25,983304,132344,200623
2007-12-07,286806,17315,1.13332897,695503,94,-408.75,-40990.017857143,88.8,-1.6,5117,15278,10063,25,982309,131534,202241
2007-12-14,279220,17430,1.143700787,695600,97,-6967.403846154,-48576.017857143,87.8,-2.6,5110,15240,9111,25,974820,129376,205221
2007-12-21,275921,17496,1.149691155,695501,-99,-2656.115384615,-51875.017857143,88.1,-2.3,5117,15218,9805,25,971422,126608,205857
2007-12-28,271865,17501,1.137758419,696375,874,-3506.057692308,-55931.017857143,89.4,-1,5078,15382,10009,25,968240,127177,207842
2008-01-04,265361,17735,1.12453237,696549,174,-5901.038461538,-54597.012269939,91.3,0.9,5051,15771,9806,25,961910,128693,213063
2008-01-11,269620,16521,1.100592899,698069,1520,4876.48076923,-50338.012269939,87.1,-3.3,5013,15011,10389,26,967689,129845,215256
2008-01-18,271917,15653,1.049128686,698146,77,2962.73076923,-48041.012269939,86.5,-3.9,5042,14920,10156,26,970063,128543,220341
2008-01-25,275472,15755,1.077780818,698145,-1,4191.73076923,-44486.012269939,85,-5.4,4998,14618,10056,26,973617,127004,223899
2008-02-01,282340,16455,1.135454044,698254,109,7487.98076923,-43344.704697987,84.3,-6.1,5013,14492,10514,26,980594,127139,227487
2008-02-08,283406,17156,1.178215782,698349,95,1543.942307692,-42278.704697987,85.1,-5.3,5044,14561,9737,26,981755,126973,229236
2008-02-15,287610,16678,1.15306969,698349,0,4650.115384615,-38074.704697987,83.5,-6.9,5034,14464,10102,26,985959,122527,230264
2008-02-22,290841,16918,1.156865427,698577,228,3667.307692308,-34843.704697987,84.7,-5.7,5044,14624,9958,26,989418,119952,232619
2008-02-29,287785,16094,1.082458972,698711,134,-2654.5,-37899.704697987,85.9,-4.5,5050,14868,9437,26,986496,117625,234276
2008-03-07,294185,18877,1.290999863,698822,111,6766.096153846,-39418.89090909,85,-5.4,5100,14622,10548,26,993007,116400,235967
2008-03-14,294318,17481,1.211686421,699504,682,398.711538462,-39285.89090909,83.8,-6.6,5100,14427,9468,26,993822,113490,232520
2008-03-21,294406,17192,1.216271666,699503,-1,426.615384615,-39197.89090909,82.2,-8.2,5103,14135,8898,26,993909,111349,229235
2008-03-28,301723,17456,1.228690082,699750,247,7637.653846154,-31880.89090909,82.4,-8,5087,14207,10283,26,1001473,109720,224710
2008-04-04,298516,17523,1.221200084,700372,622,-2944.23076923,-41852.407643312,83,-7.4,5097,14349,8912,26,998888,106027,221268
2008-04-11,296160,18383,1.291303737,701013,641,-2015.557692308,-44208.407643312,81.4,-9,5096,14236,8879,26,997173,106079,215751
2008-04-18,298581,19149,1.291495245,701132,119,2787.634615385,-41787.407643312,85.6,-4.8,5101,14827,10041,26,999713,104702,212572
2008-04-25,302429,19297,1.308448603,701339,207,4207.961538462,-37939.407643312,85.4,-5,5098,14748,10215,26,1003768,105831,211089
2008-05-02,308082,20212,1.379752884,701331,-8,5961.442307692,-35822.734567901,85,-5.4,5099,14649,10628,26,1009413,105724,211883
2008-05-09,308258,20412,1.355918693,701992,661,480.961538462,-35646.734567901,86.6,-3.8,5128,15054,9933,26,1010250,107062,210168
2008-05-16,302941,20587,1.364914142,702650,658,-4995.01923077,-40963.734567901,87.9,-2.5,5045,15083,9237,26,1005591,107790,209413
2008-05-23,294058,21333,1.394587174,703289,639,-8420.903846154,-49846.734567901,87.9,-2.5,5128,15297,8959,26,997347,109431,206155
2008-05-30,289256,21777,1.406782946,704102,813,-4206.692307692,-54648.734567901,89.7,-0.7,5139,15480,9786,27,993358,111704,209090
2008-06-06,284679,21251,1.387231543,704253,151,-3885.25,-57371.339622642,88.6,-1.8,5114,15319,9688,27,988932,113981,210088
2008-06-13,283437,20638,1.336744608,704744,491,-460.653846154,-58613.339622642,89.3,-1.1,5145,15439,10259,27,988181,116598,208910
2008-06-20,284240,20697,1.356468738,704846,102,1740.961538462,-57810.339622642,88.6,-1.8,5120,15258,10251,27,989086,119421,208757
2008-06-27,282258,20870,1.354051774,705823,977,-1029.442307692,-59792.339622642,89.2,-1.2,5123,15413,10168,27,988081,120685,210857
2008-07-04,276552,20425,1.318762913,705956,133,-4654.73076923,-58198.030674847,89.2,-1.2,4960,15488,9547,27,982508,122501,211766
2008-07-11,279504,19885,1.285640396,706068,112,4082.461538462,-55246.030674847,89.5,-0.9,5139,15467,10791,27,985572,125690,214238
2008-07-18,277946,19521,1.291754897,706184,116,-492.942307692,-56804.030674847,87.1,-3.3,5165,15112,9806,27,984130,128109,217085
2008-07-25,277865,18800,1.23994196,706300,116,992.807692308,-56885.030674847,87.2,-3.2,5160,15162,10005,27,984165,130505,213560
2008-08-01,279363,18707,1.243899195,706815,515,2448.423076923,-49435.329341317,87,-3.4,5172,15039,10193,27,986178,133346,209216
2008-08-08,279047,18468,1.24590164,707215,400,529.442307692,-49751.329341317,85.9,-4.5,5139,14823,9655,27,986262,131587,202822
2008-08-15,288437,18006,1.215718047,707214,-1,10142.153846154,-40361.329341317,85.7,-4.7,5078,14811,10991,27,995651,132068,196620
2008-08-22,288260,17289,1.144133413,707213,-1,430.923076923,-40538.329341317,87.3,-3.1,4906,15111,9979,27,995473,132125,195441
2008-08-29,286362,18094,1.185869708,707213,0,-1353.711538462,-42436.329341317,88.7,-1.7,5097,15258,9830,26,993575,131712,194404
2008-09-05,280482,17653,1.30927835,707213,0,-5375.596153846,-43413.64375,78.3,-12.1,4084,13483,8581,26,987695,130460,187942
2008-09-12,274154,16054,1.21281257,707212,-1,-5845.384615385,-49741.64375,77.4,-13,3988,13237,8510,26,981366,129625,184634
2008-09-19,272634,15253,1.325886648,705789,-1423,-990.192307692,-51261.64375,66.7,-23.7,3932,11504,7143,26,978423,125449,178739
2008-09-26,276912,14495,1.164070029,704414,-1375,4872.461538462,-46983.64375,72.3,-18.1,3839,12452,8989,26,981326,123090,179640
2008-10-03,285104,14383,1.025598973,702414,-2000,8726.076923077,-40680.05988024,80.9,-9.5,4422,14024,10346,27,987518,122601,186815
2008-10-10,290715,14926,1.057456606,702134,-280,5952.75,-35069.05988024,82.2,-8.2,4572,14115,10161,27,992849,122148,193788
2008-10-17,293897,15388,1.056722978,701887,-247,3450.153846154,-31887.05988024,84.8,-5.6,4630,14562,10400,27,995784,124304,196497
2008-10-24,294390,15729,1.059120598,701833,-54,598.26923077,-31394.05988024,85.3,-5.1,4675,14851,10337,27,996223,126629,194990
2008-10-31,294444,17544,1.200246289,701833,0,74.903846154,-31340.05988024,85.3,-5.1,4776,14617,9972,27,996277,127835,196113
2008-11-07,294394,17985,1.243517942,701831,-2,-48.596153846,-37517.146341463,84.6,-5.8,4885,14463,9503,27,996225,128351,198095
2008-11-14,295993,18921,1.29969776,701830,-1,1655.48076923,-35918.146341463,84.9,-5.5,4943,14558,9871,27,997823,126880,198634
2008-11-21,303273,20509,1.382194366,701830,0,7285.134615385,-28638.146341463,86.2,-4.2,5006,14838,10959,27,1005103,126694,200476
2008-11-28,302817,22854,1.567489712,701830,0,-599.557692308,-29094.146341463,84.3,-6.1,5118,14580,9504,27,1004647,124973,198942
2008-12-05,303169,22774,1.521614218,701828,-2,65.038461538,-24627.017857143,87.4,-3,5152,14967,9959,28,1004997,130587,202664
2008-12-12,303694,27511,1.890530511,701828,0,210.326923077,-24102.017857143,84.1,-6.3,4967,14552,9673,28,1005522,133523,203959
2008-12-19,300593,28684,1.976707325,701826,-2,-3571.653846154,-27203.017857143,84.7,-5.7,4972,14511,9118,28,1002419,135337,207295
2008-12-26,301142,28143,1.983298097,701824,-2,74.538461538,-26654.017857143,82.5,-7.9,4979,14190,9249,28,1002966,136031,208103
2009-01-02,307236,32182,2.216085939,701824,0,5530.98076923,-12722.012269939,84.6,-5.8,4935,14522,10485,28,1009060,137821,211437
2009-01-09,308380,32980,2.261072261,701890,66,338.711538462,-11578.012269939,85.2,-5.2,4917,14586,9729,28,1010270,144167,213505
2009-01-16,314480,33197,2.346907034,702063,173,5354.615384615,-5478.012269939,83.3,-7.1,5052,14145,9866,28,1016543,144957,219980
2009-01-23,320698,33503,2.370048104,702796,733,5399.48076923,739.987730061,82.5,-7.9,5045,14136,9708,28,1023494,143952,219859
2009-01-30,327868,34335,2.394184506,703519,723,6300.26923077,7909.987730061,83.5,-6.9,5235,14341,10037,28,1031387,142591,220221
2009-02-06,332487,34916,2.471579245,703843,324,3743.461538462,6802.295302013,81.6,-8.8,5327,14127,9652,28,1036330,141565,217559
2009-02-13,332349,34864,2.465106413,703942,99,-1081.865384615,6664.295302013,82.3,-8.1,5323,14143,8793,29,1036291,140752,218664
2009-02-20,333066,34506,2.476033295,704171,229,-143.365384615,7381.295302013,81.4,-9,5300,13936,8769,29,1037237,141634,215342
2009-02-27,332309,33953,2.366887417,704903,732,-1569.01923077,6624.295302013,83.1,-7.3,5373,14345,9028,29,1037212,143296,215510
2009-03-06,332824,33552,2.376877302,705695,792,-341.23076923,-779.89090909,82.7,-7.7,5401,14116,9121,29,1038519,145404,212517
2009-03-13,334766,33920,2.392101551,707496,1801,1198.942307692,1162.10909091,82.1,-8.3,5414,14180,9180,29,1042262,145516,215712
2009-03-20,338068,31709,2.243296781,709343,1847,2524.153846154,4464.10909091,82,-8.4,5432,14135,9384,29,1047411,143932,214568
2009-03-27,340912,30853,2.179191976,711015,1672,2004.346153846,7308.10909091,81.7,-8.7,5480,14158,9554,29,1051927,144153,216793
2009-04-03,342328,29975,2.098061174,712887,1872,662.365384615,1959.592356688,81.8,-8.6,5469,14287,9332,30,1055215,140799,217449
2009-04-10,347999,29233,2.090012154,714150,1263,4828.461538462,7630.592356688,80.4,-10,5482,13987,9391,30,1062149,139629,216505
2009-04-17,351856,29542,2.035133646,715448,1298,2860.096153846,11487.592356688,83.4,-7,5421,14516,9855,30,1067304,142311,217307
2009-04-24,355909,29763,2.076391796,716673,1225,3028.48076923,15540.592356688,82.7,-7.7,5269,14334,9824,31,1072582,144105,212612
2009-05-01,356863,29819,2.02107903,718737,2064,-74.461538462,12958.265432099,85.3,-5.1,5280,14754,9920,31,1075600,146533,212445
2009-05-08,352234,28826,1.998474764,719592,855,-5567.096153846,8329.265432099,83.7,-6.7,5306,14424,8708,31,1071826,147455,208291
2009-05-15,350129,29620,2.099369197,720331,739,-2950.692307692,6224.265432099,81.8,-8.6,5352,14109,8791,30,1070460,148127,203954
2009-05-22,344716,30684,2.082671554,721616,1285,-6320.461538462,811.265432099,85.1,-5.3,5364,14733,8778,30,1066332,148375,203417
2009-05-29,347582,29918,2.031782683,721700,84,1891.807692308,3677.265432099,86.3,-4.1,5358,14725,9646,30,1069282,150036,203202
2009-06-05,343186,28976,1.964474576,721700,0,-5517.653846154,1135.660377358,85.9,-4.5,5358,14750,8970,30,1064886,149718,201649
2009-06-12,339312,28971,1.973904749,722285,585,-4999.134615385,-2738.339622642,85.9,-4.5,5273,14677,9037,30,1061597,150026,205034
2009-06-19,335444,28238,1.878650788,722780,495,-4942.51923077,-6606.339622642,87.1,-3.3,5257,15031,9284,30,1058224,152103,208905
2009-06-26,331784,28601,1.9077508,723419,639,-4644.692307692,-10266.339622642,87,-3.4,5163,14992,9363,30,1055203,154999,211238
2009-07-03,329083,30184,2.016838167,723418,-1,-3653.423076923,-5667.030674847,86.8,-3.6,5171,14966,9224,30,1052501,158738,213140
2009-07-10,326270,30803,2.039258524,724098,680,-3823.211538462,-8480.030674847,87.9,-2.5,5171,15105,9549,31,1050368,159291,214578
2009-07-17,324474,30811,2.084782462,724097,-1,-2695.346153846,-10276.030674847,85.8,-4.6,5176,14779,9203,31,1048571,160509,215391
2009-07-24,329626,32121,2.198863636,724096,-1,4257.23076923,-5124.030674847,84.6,-5.8,5107,14608,10024,31,1053722,162617,213076
2009-07-31,331296,33325,2.308784814,724096,0,674.596153846,-3454.030674847,84.5,-5.9,5246,14434,9287,31,1055392,161481,212858
2009-08-07,333992,33606,2.33943613,724094,-2,1697.288461538,5193.670658683,83.5,-6.9,5172,14365,9530,31,1058086,162267,211931
2009-08-14,325595,33264,2.293436293,724093,-1,-9453.634615385,-3203.329341317,84,-6.4,5169,14504,8113,31,1049688,161617,209754
2009-08-21,325723,31801,2.195746738,724093,0,-586.576923077,-3075.329341317,84.1,-6.3,5173,14483,9225,31,1049816,162384,208054
2009-08-28,325351,31212,2.087619557,724092,-1,-1092.442307692,-3447.329341317,87.2,-3.2,5244,14951,9576,31,1049443,163563,205085
2009-09-04,319545,31269,2.070109235,724092,0,-6555.788461538,-4350.64375,87.2,-3.2,5266,15105,9095,31,1043637,165556,207153
2009-09-11,314816,27591,1.833410858,724591,499,-5480.211538462,-9079.64375,86.9,-3.5,5304,15049,8903,31,1039407,167793,207700
2009-09-18,317671,28072,1.905382475,725089,498,2073.038461538,-6224.64375,85.6,-4.8,5300,14733,9794,31,1042760,170754,213109
2009-09-25,320467,26530,1.818244123,725087,-2,1929.903846154,-3428.64375,84.6,-5.8,5375,14591,9533,31,1045554,171077,211452
2009-10-02,319333,25124,1.719997262,725086,-1,-1971.596153846,-6451.05988024,85,-5.4,5360,14607,9098,31,1044419,171756,214389
2009-10-09,319667,25541,1.81180393,725086,0,-324.25,-6117.05988024,80.9,-9.5,5377,14097,8731,32,1044753,170672,209159
2009-10-16,320979,26004,1.848187633,725084,-2,755.23076923,-4805.05988024,81.1,-9.3,5371,14070,8699,32,1046063,169888,206945
2009-10-23,321757,25519,1.796733085,725082,-2,257.192307692,-4027.05988024,81.8,-8.6,5357,14203,8890,32,1046839,167754,208564
2009-10-30,317821,25549,1.82884753,725082,0,-4462.288461538,-7963.05988024,80.6,-9.8,5391,13970,8126,32,1042903,167376,208277
2009-11-06,319609,26969,1.95074141,725081,-1,1338.442307692,-12302.146341463,79.9,-10.5,5506,13825,8656,32,1044690,167725,210837
2009-11-13,318722,28319,2.052994055,725081,0,-1371.903846154,-13189.146341463,79.4,-11,5317,13794,8579,32,1043803,167397,209082
2009-11-20,319741,29515,2.112590366,725080,-1,581.903846154,-12170.146341463,80.3,-10.1,5433,13971,8950,32,1044821,166868,210085
2009-11-27,321832,30889,2.2312193,725603,523,1774.307692308,-10079.146341463,79.7,-10.7,5561,13844,8401,32,1047435,165698,214081
2009-12-04,318037,33353,2.395876733,726129,526,-4160.673076923,-9759.017857143,81.1,-9.3,5538,13921,8137,32,1044166,167317,216334
2009-12-11,314348,34135,2.472833961,726129,0,-3974.923076923,-13448.017857143,80,-10.4,5524,13804,7772,32,1040477,164363,217213
2009-12-18,309507,34706,2.51912608,726128,-1,-5045.884615385,-18289.017857143,80,-10.4,5524,13777,7707,32,1035635,161336,216330
2009-12-25,307969,34512,2.486634484,726127,-1,-1709.423076923,-19827.017857143,80.3,-10.1,5512,13879,8027,32,1034096,159281,215964
2010-01-01,306626,35670,2.586281903,726617,490,-1474.288461538,-13332.012269939,79.9,-10.5,5507,13792,8355,32,1033243,159048,219701
2010-01-08,310325,34473,2.461478044,726616,-1,3710.73076923,-9633.012269939,81.3,-9.1,5496,14005,8895,32,1036941,160401,223492
2010-01-15,309854,33725,2.4395978,726616,0,-508.403846154,-10104.012269939,78.4,-12,5404,13824,8540,33,1036470,157138,227442
2010-01-22,305966,33034,2.42469172,726615,-1,-3799.038461538,-13992.012269939,78.5,-11.9,5421,13624,7867,33,1032581,157496,229427
2010-01-29,308283,31997,2.37701508,726615,0,2600.307692308,-11675.012269939,77.7,-12.7,5403,13461,8426,33,1034898,156548,228121
2010-02-05,310577,31322,2.304782929,726612,-3,2670.634615385,-15107.704697987,79.1,-11.3,5475,13590,8342,33,1037189,156192,230445
2010-02-12,313662,30612,2.22277084,726612,0,3506.346153846,-12022.704697987,79.8,-10.6,5482,13772,8548,33,1040274,153255,232065
2010-02-19,316696,29902,2.119656908,726612,0,3393.365384615,-8988.704697987,81.2,-9.2,5505,14107,9084,33,1043308,152664,231170
2010-02-26,320730,29969,2.129387523,726610,-2,4348.807692308,-4954.704697987,81.9,-8.5,5510,14074,9236,33,1047340,151821,231943
2010-03-05,322200,30600,2.197486535,726608,-2,1692.673076923,-11403.89090909,80.7,-9.7,5527,13925,8492,33,1048808,149604,228984
2010-03-12,323212,29919,2.146269727,726608,0,1216.307692308,-10391.89090909,80.6,-9.8,5540,13940,8428,33,1049820,148113,227274
2010-03-19,330457,30453,2.168708161,726607,-1,7467.192307692,-3146.89090909,81.1,-9.3,5536,14042,9397,33,1057064,145691,224559
2010-03-26,333386,30936,2.173387663,726607,0,3075.365384615,-217.89090909,82.6,-7.8,5489,14234,9060,33,1059993,144606,224872
2010-04-02,335532,31164,2.133935908,726606,-1,2290.73076923,-4836.407643312,84.5,-5.9,5473,14604,9561,33,1062138,145680,222374
2010-04-09,333330,32257,2.177614258,726604,-2,-2071.307692308,-7038.407643312,85.6,-4.8,5475,14813,8880,33,1059934,146787,221338
2010-04-16,335224,34111,2.323954217,726602,-2,2176.096153846,-5144.407643312,85.9,-4.5,5466,14678,9613,34,1061826,148883,224925
2010-04-23,337187,34565,2.311112597,726601,-1,2282.846153846,-3181.407643312,89,-1.4,5488,14956,9681,34,1063788,151820,223685
2010-04-30,339942,36244,2.392975043,726601,0,3115.038461538,-426.407643312,89.6,-0.8,5522,15146,9951,34,1066543,152393,224942
2010-05-07,341861,37028,2.462623038,726599,-2,2244.403846154,-2043.734567901,88.4,-2,5533,15036,9687,34,1068460,153789,222128
2010-05-14,342023,37945,2.497696156,726597,-2,361.48076923,-1881.734567901,87.9,-2.5,5516,15192,9829,34,1068620,152810,221834
2010-05-21,344483,37621,2.493934372,726597,0,2615.884615385,578.265432099,87.8,-2.6,5540,15085,9928,34,1071080,152543,221631
2010-05-28,342581,37889,2.50837471,726595,-2,-1897.51923077,-1323.734567901,87.5,-2.9,5320,15105,9455,34,1069176,152988,218984
2010-06-04,340906,37416,2.463686047,726595,0,-1578.826923077,-1144.339622642,89.1,-1.3,5445,15187,9535,34,1067501,154824,218976
2010-06-11,342596,37610,2.488421331,726594,-1,1733.846153846,545.660377358,87.9,-2.5,5503,15114,9699,34,1069190,156622,218340
2010-06-18,344613,36784,2.421433744,726594,0,1953.846153846,2562.660377358,89.4,-1,5501,15191,10112,33,1071207,156919,217578
2010-06-25,342606,35989,2.384482873,726592,-2,-2183.326923077,555.660377358,88.4,-2,5257,15093,9481,33,1069198,159376,218115
2010-07-02,337562,35805,2.351260835,726591,-1,-5252.115384615,2811.969325153,89.8,-0.6,5414,15228,9413,33,1064153,159697,219435
2010-07-09,332504,36119,2.33492792,726591,0,-5221.057692308,-2246.030674847,90.5,0.1,5352,15469,9281,33,1059095,162640,221036
2010-07-16,332864,37104,2.391183863,726591,0,240.115384615,-1886.030674847,91.5,1.1,5460,15517,9977,33,1059455,166575,222154
2010-07-23,340172,37170,2.40395809,726589,-2,7146.653846154,5421.969325153,90.6,0.2,5486,15462,11153,33,1066761,167513,222245
2010-07-30,337388,37836,2.429277689,726589,0,-2986.807692308,2637.969325153,91.2,0.8,5440,15575,9629,33,1063977,169686,222974
2010-08-06,334390,37722,2.503783353,726586,-3,-3115.153846154,5591.670658683,88.1,-2.3,5239,15066,9441,33,1060976,173142,223383
2010-08-13,333572,37035,2.430437065,726586,0,-825.653846154,4773.670658683,90,-0.4,5352,15238,9561,32,1060158,174211,223344
2010-08-20,337680,36256,2.434922767,726584,-2,3954.596153846,8881.670658683,87.7,-2.7,5511,14890,9881,32,1064264,175974,225617
2010-08-27,341105,35753,2.412157604,726583,-1,3195.057692308,12306.670658683,87,-3.4,5602,14822,9679,32,1067688,175235,225405
2010-09-03,339337,35535,2.38298015,726581,-2,-2070.961538462,15441.35625,88.2,-2.2,5603,14912,8885,32,1065918,174847,225162
2010-09-10,336848,34954,2.329334933,726581,0,-2869.615384615,12952.35625,87.6,-2.8,5573,15006,9027,33,1063429,174507,224468
2010-09-17,337818,34744,2.3090317,726177,-404,546.307692308,13922.35625,87.8,-2.6,5556,15047,9322,33,1063995,174854,226058
2010-09-24,337343,34345,2.341810991,726350,173,-862.442307692,13447.35625,85.8,-4.6,5562,14666,9005,33,1063693,173589,222589
2010-10-01,340186,35094,2.47996608,726350,0,2518.461538462,14401.94011976,83.1,-7.3,5514,14151,8926,33,1066536,172465,219943
2010-10-08,339770,35061,2.51875,726513,163,-817.01923077,13985.94011976,81.9,-8.5,5528,13920,8128,33,1066283,172210,218174
2010-10-15,340437,34010,2.435025417,726511,-2,280.403846154,14652.94011976,82.5,-7.9,5536,13967,8600,33,1066948,170055,219329
2010-10-22,345444,33659,2.380746923,726552,41,4632.807692308,19659.94011976,83.7,-6.7,5540,14138,,33,1071996,168442,214942
2010-10-29,347394,33545,2.412441568,726552,0,1494.48076923,21609.94011976,81.8,-8.6,5593,13905,8578,33,1073946,164874,212253
2010-11-05,343849,31799,2.261986058,726550,-2,-4113.711538462,11937.853658537,82.4,-8,5596,14058,8089,33,1070399,159902,210336
2010-11-12,336563,33065,2.316287215,726550,0,-7752.153846154,4651.853658537,84,-6.4,5597,14275,7864,34,1063113,158792,207679
2010-11-19,337592,33625,2.354032484,726549,-1,685.903846154,5680.853658537,85.5,-4.9,5581,14284,9024,34,1064141,158251,209592
2010-11-26,338658,34535,2.446861272,726548,-1,722.711538462,6746.853658537,82.6,-7.8,5555,14114,8446,34,1065206,158057,210153
2010-12-03,334524,34929,2.34375629,726548,0,-4457.576923077,6727.982142857,87.5,-2.9,5582,14903,9053,34,1061072,160211,213964
2010-12-10,324670,35911,2.398223588,726548,0,-10171.057692308,-3126.017857143,88,-2.4,5604,14974,7690,33,1051218,161305,214773
2010-12-17,319337,36390,2.438027603,726546,-2,-5531.5,-8459.017857143,87.7,-2.7,5598,14926,8741,33,1045883,160716,217173
2010-12-24,318079,36635,2.45394869,726546,0,-1447.038461538,-9717.017857143,87.8,-2.6,5575,14929,8813,33,1044625,160959,214857
2010-12-31,313918,37493,2.50153456,726546,0,-4355.423076923,-13878.017857143,88,-2.4,5598,14988,8446,33,1040464,162107,218146
2011-01-07,311526,37376,2.537751222,726545,-1,-2532.23076923,-8432.012269939,86.4,-4,5575,14728,8895,33,1038071,164759,223227
2011-01-14,314143,36805,2.566775926,726544,-1,2593.903846154,-5815.012269939,83,-7.4,5205,14339,8999,33,1040687,165797,227670
2011-01-21,318979,37667,2.666312734,726544,0,4753.51923077,-979.012269939,81.8,-8.6,5321,14127,9385,33,1045523,165657,230074
2011-01-28,321573,38334,2.68032443,726544,0,2343.75,1614.987730061,84.5,-5.9,5568,14302,9014,33,1048117,164078,236228
2011-02-04,323404,37407,2.607849972,726544,0,1575.423076923,-2280.704697987,84.7,-5.7,5597,14344,8909,33,1049948,164366,240891
2011-02-11,324264,37657,2.716367309,726543,-1,613.326923077,-1420.704697987,81.2,-9.2,5610,13863,8266,33,1050807,161270,241096
2011-02-18,325086,37440,2.766161803,726543,0,618.115384615,-598.704697987,79.4,-11,5604,13535,8106,33,1051629,159937,238298
2011-02-25,324722,38570,2.795332657,726543,0,-525.346153846,-962.704697987,80.9,-9.5,5591,13798,8010,33,1051265,159186,234708
2011-03-04,327099,40263,2.887685577,726542,-1,2300.23076923,-6504.89090909,82,-8.4,5593,13943,8300,33,1053641,155209,229214
2011-03-11,328844,40020,2.821886899,726542,0,1650.788461538,-4759.89090909,83.4,-7,5591,14182,8681,34,1055386,152608,225040
2011-03-18,330975,40197,2.801379887,726542,0,2022.692307692,-2628.89090909,84.1,-6.3,5570,14349,8987,34,1057517,152615,219720
2011-03-25,333920,41886,2.922550935,726542,0,2935.038461538,316.10909091,84.1,-6.3,5568,14332,9128,34,1060462,153325,217036
2011-04-01,335536,41870,2.913506367,726542,0,1605.73076923,-4832.407643312,84.4,-6,5638,14371,8950,34,1062078,153520,216679
2011-04-08,337163,41896,2.988942,726542,0,1626.923076923,-3205.407643312,81.4,-9,5635,14017,8571,34,1063705,150839,209679
2011-04-15,334841,41126,2.91591038,726542,0,-2395.711538462,-5527.407643312,82.5,-7.9,5625,14104,8053,34,1061383,148335,208096
2011-04-22,340997,40388,2.869077218,726542,0,6163.365384615,628.592356688,82.7,-7.7,5610,14077,9266,34,1067539,146530,205588
2011-04-29,344418,40490,2.88000569,726542,0,3347.73076923,4049.592356688,82.8,-7.6,5623,14059,8877,34,1070960,145132,204542
2011-05-06,348050,41614,2.949673944,726542,0,3545.923076923,4145.265432099,81.7,-8.7,5609,14108,8964,34,1074592,144289,205817
2011-05-13,348035,40023,2.789642434,726542,0,-134.01923077,4130.265432099,83.2,-7.2,5618,14347,8570,34,1074577,143132,205936
2011-05-20,348651,40079,2.700559262,726542,0,500.384615385,4746.265432099,86.3,-4.1,5583,14841,9232,34,1075193,141092,209730
2011-05-27,351529,39920,2.688034476,726542,0,2797.846153846,7624.265432099,86,-4.4,5609,14851,9518,34,1078071,140116,212283
2011-06-03,346897,38904,2.574377978,726542,0,-4804.076923077,4846.660377358,87.2,-3.2,5633,15112,8600,34,1073439,140926,214492
2011-06-10,343491,37763,2.539713498,726542,0,-3521.211538462,1440.660377358,86.1,-4.3,5643,14869,8638,35,1070033,140821,215065
2011-06-17,341780,38036,2.489592879,726531,-11,-1728.211538462,-270.339622642,89.2,-1.2,5650,15278,9149,35,1068311,141994,214601
2011-06-24,337405,37494,2.45910671,726531,0,-4320.51923077,-4645.339622642,88.1,-2.3,5593,15247,8878,35,1063936,142252,213173
2011-07-01,336532,37034,2.418152138,726531,0,-772.98076923,1781.969325153,88.4,-2,5520,15315,9854,35,1063063,142061,212539
2011-07-08,333408,37649,2.473978184,726531,0,-3104.192307692,-1342.030674847,88,-2.4,5578,15218,9000,35,1059939,145028,211699
2011-07-15,329681,36672,2.347608988,726531,0,-3744.384615385,-5069.030674847,90.3,-0.1,5591,15621,9343,35,1056212,148460,212456
2011-07-22,331977,37102,2.415494792,724263,-2268,2357.211538462,-2773.030674847,88.3,-2.1,5377,15360,9840,35,1056240,151845,213478
2011-07-29,332927,35953,2.321195687,719761,-4502,1107.596153846,-1823.030674847,89.3,-1.1,5523,15489,9134,35,1052688,152254,215179
2011-08-05,327806,34581,2.213325653,717267,-2494,-5035.211538462,-992.329341317,90,-0.4,5529,15624,9100,35,1045073,151517,213591
2011-08-12,332039,33688,2.18483689,711353,-5914,4359.615384615,3240.670658683,89.1,-1.3,5561,15419,9285,35,1043392,153966,210081
2011-08-19,329826,33662,2.149141288,706551,-4802,-2183.51923077,1027.670658683,90.3,-0.1,5591,15663,8808,35,1036377,155697,211436
2011-08-26,335107,33085,2.142255892,701825,-4726,5432.038461538,6308.670658683,89.2,-1.2,5598,15444,9607,35,1036932,156060,208641
2011-09-02,331146,32689,2.11579288,696939,-4886,-3845.653846154,7250.35625,89,-1.4,5642,15450,8565,35,1028085,156769,208840
2011-09-09,324442,32229,2.145167732,695939,-1000,-6546.48076923,546.35625,87,-3.4,5083,15024,8542,35,1020381,158480,210780
2011-09-16,317106,31998,2.09041615,695939,0,-7097.423076923,-6789.64375,88.3,-2.1,5747,15307,8351,36,1013045,157606,214075
2011-09-23,319021,30920,2.037293273,695953,14,2313.307692308,-4874.64375,87.8,-2.6,5756,15177,9702,36,1014974,157678,214866
2011-09-30,314342,30089,1.992121292,695953,0,-4326.653846154,-9553.64375,87.7,-2.7,5800,15104,8700,36,1010295,156934,213729
2011-10-07,315575,30621,2.105838663,695956,3,1730,-10209.05988024,84.2,-6.2,5878,14541,9086,36,1011531,154005,209595
2011-10-14,310846,31092,2.158117582,695951,-5,-4263.711538462,-14938.05988024,83.1,-7.3,5891,14407,7921,36,1006797,149739,206271
2011-10-21,315581,31511,2.149454297,695951,0,5304.057692308,-10203.05988024,84.8,-5.6,5876,14660,9373,36,1011532,145464,204918
2011-10-28,317407,32071,2.18274008,695951,0,2400.288461538,-8377.05988024,85.3,-5.1,5818,14693,8954,36,1013358,141889,206274
2011-11-04,315819,31139,2.172235787,695951,0,-1011.326923077,-16092.146341463,82.6,-7.8,5846,14335,8618,36,1011770,135869,204167
2011-11-11,314763,32029,2.181960624,695950,-1,-516.961538462,-17148.146341463,84.8,-5.6,5894,14679,8565,36,1010713,133733,205159
2011-11-18,308544,32016,2.163828062,695951,1,-5799.76923077,-23367.146341463,85.5,-4.9,5887,14796,8319,36,1004495,132963,209634
2011-11-25,312476,31301,2.149055956,695951,0,4490.615384615,-19435.146341463,84.6,-5.8,5864,14565,9061,36,1008427,138489,209847
2011-12-02,313625,31105,2.040073457,695951,0,1652.5,-14171.017857143,87.7,-2.7,5861,15247,9436,36,1009576,141022,214994
2011-12-09,311693,31188,2.127856997,695951,0,-1530.096153846,-16103.017857143,85.1,-5.3,5862,14657,8322,36,1007644,141502,218818
2011-12-16,301123,30198,2.067789647,695951,0,-10320.442307692,-26673.017857143,84.9,-5.5,5862,14604,7581,36,997074,139149,218406
2011-12-23,305022,29909,2.050668495,695951,0,4249.26923077,-22774.017857143,84.2,-6.2,5846,14585,8990,36,1000973,140354,217714
2011-12-30,307231,29296,1.985361887,695951,0,2460.096153846,-20565.017857143,85,-5.4,5851,14756,9024,36,1003182,143578,220193
2012-01-06,309056,29105,1.948517105,695951,0,1953.596153846,-10902.012269939,85.6,-4.8,5844,14937,9907,36,1005007,147563,223803
2012-01-13,305618,28273,1.938498457,695951,0,-3390.5,-14340.012269939,83.7,-6.7,5726,14585,8265,37,1001569,148001,227520
2012-01-20,309176,28647,2.002446526,695951,0,3721.942307692,-10782.012269939,82.2,-8.2,5722,14306,8853,37,1005127,145545,227130
2012-01-27,313351,30123,2.118801435,695951,0,4363.51923077,-6607.012269939,81.8,-8.6,5720,14217,8880,37,1009302,145410,230147
2012-02-03,313642,30490,2.11780232,695951,0,449.115384615,-12042.704697987,82.8,-7.6,5763,14397,8413,37,1009593,146584,231776
2012-02-10,313471,32480,2.206671649,695951,0,16.73076923,-12213.704697987,84,-6.4,5819,14719,8756,37,1009422,143717,232176
2012-02-17,315104,32165,2.1603197,695951,0,1840.557692308,-10580.704697987,85.5,-4.9,5817,14889,9091,37,1011055,143509,231527
2012-02-24,319264,33813,2.314849045,695951,0,4351.961538462,-6420.704697987,83.6,-6.8,5814,14607,9187,37,1015215,141440,229927
2012-03-02,320112,36178,2.479813558,695951,0,952.961538462,-13491.89090909,83.9,-6.5,5806,14589,8712,37,1016063,139496,229531
2012-03-09,321862,38697,2.675585978,695951,0,1884.365384615,-11741.89090909,82.7,-7.7,5830,14463,8716,37,1017813,134814,228121
2012-03-16,320700,38521,2.681960593,695951,0,-1027.73076923,-12903.89090909,82.2,-8.2,5826,14363,8224,38,1016651,136577,226907
2012-03-23,327802,39564,2.737803612,695951,0,7299.596153846,-5801.89090909,84.5,-5.9,5821,14451,9269,38,1023753,135866,223370
2012-03-30,336811,40293,2.731728814,695951,0,9126.653846154,3207.10909091,85.7,-4.7,6049,14750,9774,38,1032762,135885,221913
2012-04-06,339377,40585,2.827237896,695951,0,2541.48076923,-991.407643312,83.8,-6.6,6040,14355,8522,38,1035328,131885,217636
2012-04-13,343233,41177,2.848830773,695951,0,3813.423076923,2864.592356688,84.6,-5.8,6043,14454,8718,39,1039184,128977,213965
2012-04-20,347211,41751,2.883953858,695951,0,3816.615384615,6842.592356688,84.7,-5.7,6113,14477,8766,39,1043162,125925,211730
2012-04-27,350051,42964,2.921329979,695951,0,2720.5,9682.592356688,86,-4.4,6121,14707,8822,39,1046002,124022,209721
2012-05-04,355340,44127,2.993284493,695951,0,5180.673076923,11435.265432099,86.4,-4,6136,14742,8967,39,1051291,120771,207108
2012-05-11,357468,45127,2.999667642,695951,0,1987.807692308,13563.265432099,88.3,-2.1,6149,15044,8881,39,1053419,119802,204311
2012-05-18,358351,46795,3.122372723,695951,0,701.596153846,14446.265432099,88.1,-2.3,6239,14987,8583,39,1054302,119493,201012
2012-05-25,360564,46849,3.088469906,695951,0,2026.461538462,16659.265432099,89.1,-1.3,6227,15169,9056,39,1056515,117784,200179
2012-06-01,358801,47775,3.0886346,695951,0,-1936.75,16750.660377358,91,0.6,6245,15468,8957,39,1054752,120037,203525
2012-06-08,358610,47395,3.03425096,695951,0,-419.923076923,16559.660377358,92,1.6,6236,15620,9117,39,1054561,119974,201801
2012-06-15,361471,47755,3.059648898,695951,0,2570.25,19420.660377358,91.9,1.5,6353,15608,9445,39,1057422,121130,202744
2012-06-22,361338,47416,3.030744647,695951,0,-511.673076923,19287.660377358,92.6,2.2,6257,15645,9118,39,1057289,118851,204822
2012-06-29,357068,47641,3.047853624,695951,0,-4730.25,15017.660377358,92,1.6,6094,15631,8774,39,1053019,117800,204973
2012-07-06,352213,46782,2.965766451,695951,0,-5249.923076923,17462.969325153,92.7,2.3,6249,15774,8626,39,1048164,120912,207725
2012-07-13,351404,46282,2.978633029,695951,0,-1170.634615385,16653.969325153,92,1.6,6245,15538,8937,39,1047355,123531,205910
2012-07-20,354121,46485,2.942833629,695951,0,2299.25,19370.969325153,93,2.6,6364,15796,9633,40,1050072,125239,210044
2012-07-27,347599,45100,2.896409993,695950,-1,-6947.846153846,12848.969325153,92.2,1.8,6320,15571,8406,40,1043549,124265,207870
2012-08-03,343824,44298,2.83834177,695950,0,-4057.153846154,15025.670658683,92.6,2.2,6218,15607,8627,40,1039774,123541,206069
2012-08-10,340125,45197,2.876774235,695950,0,-4007.038461538,11326.670658683,92.6,2.2,6181,15711,8717,40,1036075,124218,203698
2012-08-17,334713,45242,2.930560953,695950,0,-5567.5,5914.670658683,91.2,0.8,6246,15438,8207,40,1030663,125210,202736
2012-08-24,338491,44821,2.914239272,695950,0,3684.01923077,9692.670658683,91.2,0.8,6258,15380,9495,40,1034441,126083,201227
2012-08-31,331065,44915,3.074685104,695950,0,-7491.076923077,2266.670658683,86.1,-4.3,5486,14608,8035,40,1027015,127076,198893
2012-09-07,332474,44087,3.07848614,694950,-1000,1410.557692308,8578.35625,84.7,-5.7,5526,14321,8565,40,1027424,128552,197716
2012-09-14,341008,43813,2.937315634,694952,2,8379.538461538,17112.35625,88.9,-1.5,6277,14916,9848,41,1035960,128230,196309
2012-09-21,338562,43730,2.990289934,694952,0,-2905.653846154,14666.35625,87.4,-3,6509,14624,7595,41,1033514,127748,195828
2012-09-28,338080,43865,2.954667924,694952,0,-857.788461538,14184.35625,88.2,-2.2,6520,14846,8106,41,1033032,124059,195942
2012-10-05,339592,44165,2.994440301,694952,0,1055.5,13807.94011976,86.7,-3.7,6598,14749,8221,41,1034544,120882,195408
2012-10-12,342452,44025,2.970848235,694952,0,2398.134615385,16667.94011976,87.4,-3,6606,14819,8347,41,1037404,118664,197128
2012-10-19,348348,44065,2.976962573,694952,0,5288.192307692,22563.94011976,87.2,-3.2,6610,14802,8823,41,1043300,118018,198567
2012-10-26,346303,43394,2.922154882,694952,0,-2675.134615385,20518.94011976,87.7,-2.7,6669,14850,7922,41,1041255,117925,199502
2012-11-02,347850,42966,2.929433422,694952,0,991.307692308,15938.853658537,85.4,-5,6677,14667,8011,41,1042802,118056,202377
2012-11-09,348939,43681,2.98939228,694952,0,473.01923077,17027.853658537,86,-4.4,6709,14612,7870,42,1043891,115517,201937
2012-11-16,347473,45150,3.032440056,694952,0,-2123.23076923,15561.853658537,87.5,-2.9,6710,14889,7768,42,1042425,112842,200390
2012-11-23,347126,45857,3.022077237,694952,0,-1095.634615385,15214.853658537,88.6,-1.8,6818,15174,8118,42,1042078,112042,204255
2012-11-30,344769,45631,2.957482663,694952,0,-3023.346153846,12857.853658537,90.6,0.2,6817,15429,8230,42,1039721,115069,212115
2012-12-07,344909,46818,3.046658424,694952,0,-458.923076923,17112.982142857,90.4,0,6852,15367,8499,42,1039861,118055,217115
2012-12-14,343945,46963,3.011607028,694952,0,-1602.76923077,16148.982142857,91.5,1.1,6863,15594,8399,43,1038897,116970,219322
2012-12-21,343359,49177,3.208311587,694952,0,-1409.5,15562.982142857,90.3,-0.1,6984,15328,8025,43,1038311,119393,223104
2012-12-28,332239,49750,3.242943746,694952,0,-11857.25,4442.982142857,90.4,0,6985,15341,7094,43,1027191,123967,225673
2013-01-04,333131,50082,3.282558825,694952,0,411.076923077,13172.987730061,89.1,-1.3,7002,15257,8342,43,1028083,130744,233085
2013-01-11,332180,51862,3.434342097,695267,315,-1413.98076923,12221.987730061,87.9,-2.5,7041,15101,8030,43,1027447,132430,234995
2013-01-18,334993,51391,3.617555962,695267,0,2302.192307692,15034.987730061,83.6,-6.8,6989,14206,7730,44,1030260,132938,233257
2013-01-25,340940,51675,3.568469028,695460,193,5450.51923077,20981.987730061,85,-5.4,6993,14481,8068,44,1036400,130623,232301
2013-02-01,343274,51360,3.55900492,695807,347,1803.442307692,17589.295302013,84.2,-6.2,6997,14431,7569,44,1039081,129581,234039
2013-02-08,343834,50242,3.510971349,695969,162,-9.846153846,18149.295302013,83.8,-6.6,7064,14310,7513,44,1039803,125904,233236
2013-02-15,347977,50659,3.573575056,695969,0,3559.096153846,22292.295302013,82.9,-7.5,7118,14176,7689,44,1043946,123627,230352
2013-02-22,349107,50584,3.485907243,695969,0,497.826923077,23422.295302013,85.1,-5.3,7096,14511,7958,44,1045076,124184,228495
2013-03-01,352843,50841,3.623476588,695969,0,3162.096153846,19239.10909091,82.2,-8.2,7093,14031,7308,44,1048812,120354,227879
2013-03-08,355467,49315,3.52401029,695969,0,1994.557692308,21863.10909091,81,-9.4,7159,13994,7535,44,1051436,120437,224308
2013-03-15,354153,49029,3.37804878,695969,0,-1960.25,20549.10909091,83.5,-6.9,7150,14514,7317,45,1050122,119765,222832
2013-03-22,357409,49468,3.324909262,695969,0,2612.673076923,23805.10909091,85.7,-4.7,7151,14878,8158,45,1053378,115252,221236
2013-03-29,360116,49181,3.276985608,695969,0,2137.634615385,26512.10909091,86.3,-4.1,7151,15008,7931,45,1056085,112986,220664
2013-04-05,359998,50070,3.312822549,695969,0,-566.173076923,19629.592356688,86.8,-3.6,7181,15114,7720,45,1055967,112817,222363
2013-04-12,358765,51148,3.393127239,695969,0,-1629.557692308,18396.592356688,86.3,-4.1,7208,15074,7431,45,1054734,115181,221730
2013-04-19,359712,51183,3.532785754,695969,0,648.307692308,19343.592356688,83.5,-6.9,7326,14488,7564,47,1055681,115278,217802
2013-04-26,366408,49801,3.385520054,695969,0,6455.596153846,26039.592356688,84.4,-6,7312,14710,8166,47,1062377,115752,215984
2013-05-03,366779,49149,3.237747036,695969,0,56.442307692,22874.265432099,87,-3.4,7369,15180,7606,47,1062748,117564,215074
2013-05-10,366155,49724,3.259948863,695969,0,-843.98076923,22250.265432099,88,-2.4,7321,15253,7623,47,1062124,119864,217662
2013-05-17,365817,50173,3.29024854,695969,0,-505.057692308,21912.265432099,87.3,-3.1,7258,15249,8130,48,1061786,118812,220677
2013-05-24,368817,50508,3.360702642,695969,0,2856.423076923,24912.265432099,86.4,-4,7292,15029,7817,48,1064786,120663,219163
2013-05-31,362550,50024,3.235286509,695969,0,-6425.711538462,18645.265432099,88.4,-2,7300,15462,7268,48,1058519,123274,218797
2013-06-07,365179,49265,3.233248015,695969,0,2556.903846154,23128.660377358,87.5,-2.9,7224,15237,7850,48,1061148,122111,221545
2013-06-14,365492,48596,3.12896787,695969,0,186.673076923,23441.660377358,89.3,-1.1,7129,15531,8436,48,1061461,121622,221728
2013-06-21,365510,49260,3.136780438,695969,0,-59.326923077,23459.660377358,90.2,-0.2,7261,15704,8298,50,1061479,123189,225381
2013-06-28,355163,49652,3.085891858,695969,0,-10427.23076923,13112.660377358,92.2,1.8,7267,16090,7407,50,1051132,120771,223662
2013-07-05,345426,46965,2.913823055,695969,0,-9700.365384615,10675.969325153,92.4,2,7401,16118,7525,50,1041395,123809,221028
2013-07-12,338524,46083,2.838147441,695969,0,-6771.48076923,3773.969325153,92.8,2.4,7490,16237,7705,50,1034493,127679,224083
2013-07-19,335699,44023,2.746116899,695969,0,-2577.307692308,948.969325153,92.3,1.9,7555,16031,8032,52,1031668,126452,222694
2013-07-26,336130,42119,2.638208581,695969,0,785.26923077,1379.969325153,91.3,0.9,7542,15965,8168,52,1032099,125986,223464
2013-08-02,334699,39874,2.50890329,695969,0,-1210.442307692,5900.670658683,90.9,0.5,7560,15893,7914,52,1030668,126455,223599
2013-08-09,331887,38515,2.467170585,695969,0,-2636.51923077,3088.670658683,89.4,-1,7571,15611,7917,52,1027856,128482,222430
2013-08-16,330459,37425,2.36194383,695969,0,-1269.576923077,1660.670658683,91,0.6,7518,15845,7951,55,1026428,129353,218401
2013-08-23,333445,36588,2.319513123,695969,0,3067.807692308,4646.670658683,91.2,0.8,7609,15774,8374,55,1029414,129037,217814
2013-08-30,331609,34759,2.181162149,695969,0,-1738.961538462,2810.670658683,91.7,1.3,7621,15936,8255,55,1027578,129586,215987
2013-09-06,330991,34120,2.146451938,695969,0,-628.461538462,7095.35625,92.5,2.1,7745,15896,8017,55,1026960,132172,217645
2013-09-13,326623,33259,2.064494103,695969,0,-4339.48076923,2727.35625,92.5,2.1,7827,16110,7578,55,1022592,131093,216018
2013-09-20,329258,32847,2.10679238,695969,0,2911.634615385,5362.35625,90.3,-0.1,7777,15591,7925,56,1025227,130859,216235
2013-09-27,334730,32788,2.122887666,695969,0,5650.923076923,10834.35625,89,-1.4,7784,15445,8363,56,1030699,129179,219730
2013-10-04,341474,32620,2.190732035,695969,0,6808.423076923,15689.94011976,86,-4.4,7809,14890,8043,56,1037443,126038,219879
2013-10-11,345473,32986,2.220830809,695969,0,3962.807692308,19688.94011976,86.2,-4.2,7428,14853,8004,56,1041442,124237,217309
2013-10-18,350719,33344,2.244631437,695969,0,5187.903846154,24934.94011976,85.9,-4.5,7896,14855,7656,56,1046688,125774,215504
2013-10-25,354806,35522,2.359952166,695969,0,4041.403846154,29021.94011976,87.3,-3.1,7853,15052,7459,56,1050775,122716,213791
2013-11-01,355995,36513,2.42321476,695969,0,1025.48076923,24083.853658537,86.8,-3.6,7858,15068,7224,56,1051964,117817,210036
2013-11-08,358635,38204,2.4790085,695969,0,2483.365384615,26723.853658537,88.7,-1.7,7981,15411,7844,56,1054604,117336,209198
2013-11-15,359010,39940,2.58561533,695969,0,188.538461538,27098.853658537,88.6,-1.8,7974,15447,7863,56,1054979,112541,208853
2013-11-22,361963,40616,2.611793454,695969,0,2731.134615385,30051.853658537,89.4,-1,8019,15551,7718,57,1057932,110875,210604
2013-11-29,356378,40598,2.520675525,695969,0,-5870.326923077,24466.853658537,92.4,2,8011,16106,7809,57,1052347,113524,212432
2013-12-06,345374,41223,2.555514227,695969,0,-11227.25,17577.982142857,92.6,2.2,8075,16131,6862,57,1041343,118065,219149
2013-12-13,342433,40623,2.54993409,695969,0,-2949.942307692,14636.982142857,91.5,1.1,8058,15931,7732,57,1038402,115955,220486
2013-12-20,337702,40177,2.47502002,695969,0,-4701.923076923,9905.982142857,92.7,2.3,8111,16233,7535,58,1033671,114105,219872
2013-12-27,330695,39625,2.4389118,695969,0,-6898.211538462,2898.982142857,92.4,2,8121,16247,7495,58,1026664,119147,220716
2014-01-03,326737,40725,2.524172555,695969,0,-3928.307692308,6778.987730061,92.3,1.9,8145,16134,7961,58,1022706,124973,226959
2014-01-10,319079,40870,2.598054796,695969,0,-7535.038461538,-879.012269939,90,-0.4,8159,15731,6889,58,1015048,123950,233142
2014-01-17,320069,41592,2.733438486,695969,0,1241.942307692,110.987730061,86.5,-3.9,8052,15216,7544,58,1016038,120738,235265
2014-01-24,326490,41829,2.71317377,695969,0,6708,6531.987730061,88.2,-2.2,8044,15417,8048,61,1022459,116154,234446
2014-01-31,326930,40276,2.676324008,695969,0,717.884615385,6971.987730061,86.1,-4.3,8044,15049,6887,61,1022899,113794,234951
2014-02-07,329983,37603,2.471442655,695969,0,3367.307692308,4298.295302013,87.1,-3.3,8132,15215,7929,61,1025952,113063,233098
2014-02-14,330956,35870,2.36328897,695969,0,1239.365384615,5271.295302013,86.8,-3.6,8148,15178,7421,61,1026925,112724,233407
2014-02-21,331024,34792,2.274135564,695969,0,395.326923077,5339.295302013,88,-2.4,8059,15299,7037,64,1026993,113062,230600
2014-02-28,332453,32132,2.11227978,695969,0,1776.75,6768.295302013,87.4,-3,8077,15212,7112,64,1028422,114476,228996
2014-03-07,338333,30791,2.054513912,695969,0,6272.115384615,4729.10909091,86,-4.4,8182,14987,7311,64,1034302,113943,223766
2014-03-14,344183,29802,1.993311484,695969,0,6179.5,10579.10909091,85.6,-4.8,8215,14951,7309,64,1040152,110846,222299
2014-03-21,350802,28477,1.886893719,695969,0,6810.73076923,17198.10909091,86,-4.4,8190,15092,7617,64,1046771,112401,217198
2014-03-28,348423,27254,1.77956252,695969,0,-2251.942307692,14819.10909091,87.7,-2.7,8192,15315,6831,67,1044392,112955,215624
2014-04-04,352341,27599,1.799504466,695729,-240,4142.865384615,11972.592356688,87.5,-2.9,8229,15337,7312,67,1048070,113194,210436
2014-04-11,362354,26828,1.718311663,695106,-623,10160.25,21985.592356688,88.8,-1.6,8301,15613,8271,67,1057460,111916,210282
2014-04-18,365878,26040,1.629536921,694568,-538,3454.98076923,25509.592356688,91,0.6,8360,15980,7796,67,1060446,112513,210008
2014-04-25,367576,25428,1.593832268,693613,-955,1579.423076923,27207.592356688,91,0.6,8352,15954,7483,71,1061189,114449,211572
2014-05-02,366004,24033,1.511129276,692864,-749,-1594.461538462,22099.265432099,90.2,-0.2,8350,15904,6885,71,1058868,114002,213180
2014-05-09,366951,23441,1.496202208,691520,-1344,961.903846154,23046.265432099,88.8,-1.6,8428,15667,7127,71,1058471,112878,212408
2014-05-16,359725,23216,1.455639852,690971,-549,-7241.307692308,15820.265432099,88.7,-1.7,8434,15949,6469,71,1050696,116277,213378
2014-05-23,361382,21691,1.368431014,690971,0,1774.153846154,17477.265432099,89.9,-0.5,8472,15851,7809,74,1052353,116081,211575
2014-05-30,357951,21370,1.330883727,690971,0,-3288.01923077,14046.265432099,90.8,0.4,8383,16057,7123,74,1048922,118093,211785
2014-06-06,355221,21172,1.361806136,690971,0,-2641.557692308,13170.660377358,87.9,-2.5,8460,15547,7146,74,1046192,118953,213482
2014-06-13,354642,21419,1.391115152,690972,1,-387.5,12591.660377358,87.1,-3.3,8477,15397,7234,74,1045614,119389,214267
2014-06-20,356384,21835,1.393249107,690972,0,1950.653846154,14333.660377358,88.5,-1.9,8446,15672,7341,273,1047356,120566,214977
2014-06-27,353229,20476,1.262547786,690972,0,-2979.5,11178.660377358,91.4,1,8442,16218,7265,273,1044201,121541,213742
2014-07-04,350822,20923,1.28741078,690972,0,-2369.807692308,16071.969325153,91.6,1.2,8514,16252,7285,273,1041794,121768,214321
2014-07-11,343297,20273,1.219355227,690972,0,-7628.76923077,8546.969325153,93.8,3.4,8592,16626,7427,273,1034269,124296,214492
2014-07-18,339328,18823,1.134052295,690972,0,-4060.788461538,4577.969325153,93.8,3.4,8565,16598,7407,273,1030300,125932,217871
2014-07-25,335631,17899,1.08144523,690972,0,-3766.788461538,880.969325153,93.5,3.1,8443,16551,7744,295,1026603,126721,218236
2014-08-01,334167,17982,1.096931617,690972,0,-1454.403846154,5368.670658683,92.4,2,8453,16393,7563,295,1025139,124923,213849
2014-08-08,335568,18400,1.134821759,690972,0,1411.23076923,6769.670658683,91.6,1.2,8556,16214,7846,295,1026540,122502,212689
2014-08-15,331094,20155,1.227616031,690972,0,-4544.788461538,2295.670658683,93.4,3,8577,16418,7459,295,1022066,121542,213274
2014-08-22,329024,20663,1.249123443,690972,0,-2082.211538462,225.670658683,93.5,3.1,8631,16542,7633,385,1019996,122794,212314
2014-08-29,328119,20278,1.234355978,690972,0,-819.98076923,-679.329341317,93.3,2.9,8630,16428,7675,385,1019091,123399,209992
2014-09-05,327428,20356,1.24638746,690972,0,-623.884615385,3532.35625,93.9,3.5,8590,16332,7621,385,1018400,127493,212373
2014-09-12,331101,19999,1.226631501,690972,0,3741.51923077,7205.35625,93,2.6,8838,16304,8114,385,1022073,127772,210738
2014-09-19,326828,20190,1.24522018,690972,0,-4359.115384615,2932.35625,93.4,3,8867,16214,6870,385,1017800,128595,210324
2014-09-26,325465,20505,1.306966665,690970,-2,-1316.26923077,1569.35625,89.8,-0.6,8837,15689,7284,420,1016435,125701,208488
2014-10-03,330380,18929,1.216985984,690969,-1,5093.173076923,4595.94011976,89.3,-1.1,8875,15554,7712,420,1021349,126140,209668
2014-10-10,339303,19645,1.282227009,690968,-1,9136.346153846,13518.94011976,88.1,-2.3,8951,15321,7740,420,1030271,124622,205673
2014-10-17,346414,20598,1.354418727,690968,0,7229.653846154,20629.94011976,86.7,-3.7,8934,15208,7477,420,1037382,125671,204374
2014-10-24,348475,21374,1.412783396,690967,-1,2143.788461538,22690.94011976,86.6,-3.8,8970,15129,7101,411,1039442,120377,203138
2014-10-31,348935,20823,1.344720697,690967,0,581.75,23150.94011976,88.4,-2,8972,15485,6675,411,1039902,119653,201760
2014-11-07,346150,22527,1.430104114,690966,-1,-2649.23076923,14238.853658537,90.1,-0.3,9063,15752,6877,411,1037116,116850,203565
2014-11-14,348758,23245,1.460755357,690966,0,2848.096153846,16846.853658537,91.2,0.8,9004,15913,7638,411,1039724,114794,204599
2014-11-21,350704,24579,1.54032713,690966,0,2143.153846154,18792.853658537,91.5,1.1,9077,15957,7473,374,1041670,113146,206424
2014-11-28,347015,23885,1.460320372,690965,-1,-3472.48076923,15103.853658537,93.4,3,9083,16356,7303,374,1037980,116174,208567
2014-12-05,348313,24905,1.497864919,690963,-2,1478.057692308,20516.982142857,95.4,5,9118,16627,7668,374,1039276,121751,216764
2014-12-12,347466,27825,1.706950494,690963,0,-903.51923077,19669.982142857,93.5,3.1,9137,16301,7104,374,1038429,121544,222014
2014-12-19,354733,28798,1.762315648,690963,0,7170.211538462,26936.982142857,93.5,3.1,9127,16341,8292,388,1045696,123847,226097
2014-12-26,352979,30793,1.8802589,690963,0,-2081.51923077,25182.982142857,94.4,4,9121,16377,7061,388,1043942,125721,229048
2015-01-02,348806,32098,1.954811206,690961,-2,-4601.538461538,28847.987730061,93.9,3.5,9132,16420,6856,388,1039767,136926,237163
2015-01-09,354195,33874,2.131378594,690959,-2,4964.596153846,34236.987730061,91,0.6,9192,15893,7492,388,1045154,139851,240334
2015-01-16,364266,36783,2.467167483,690958,-1,9395.692307692,44307.987730061,85.5,-4.9,9186,14909,7218,388,1055224,136579,240922
2015-01-23,373140,38868,2.54771893,690957,-1,8024.057692308,53181.987730061,88,-2.4,9213,15256,7422,502,1064097,132687,238335
2015-01-30,379473,41384,2.662377766,690957,0,5435.884615385,59514.987730061,89.9,-0.5,9177,15544,7387,502,1070430,134475,240670
2015-02-06,383800,42598,2.73695708,690956,-1,3316.557692308,58115.295302013,90,-0.4,9226,15564,7286,502,1074756,131223,242647
2015-02-13,391516,46261,2.9957907,690955,-1,6681.057692308,65831.295302013,88.7,-1.7,9280,15442,7105,502,1082471,127409,243132
2015-02-20,399943,48680,3.19359706,690955,0,7262.384615385,74258.295302013,87.4,-3,9285,15243,7279,478,1090898,124698,240014
2015-02-27,410246,49216,3.25653411,690955,0,8977.634615385,84561.295302013,86.6,-3.8,9324,15113,7368,478,1101201,122976,240060
2015-03-06,415425,51538,3.368496732,690953,-2,3682.98076923,81821.10909091,87.8,-2.6,9366,15300,6793,478,1106378,125503,239873
2015-03-13,425047,54403,3.524423426,690953,0,8139.461538462,91443.10909091,88.1,-2.3,9419,15436,7496,478,1116000,125883,235400
2015-03-20,433217,56314,3.62614295,690952,-1,6614.923076923,99613.10909091,89,-1.4,9422,15530,7392,503,1124169,125849,233386
2015-03-27,437983,58943,3.747647508,690952,0,3181.096153846,104379.10909091,89.4,-1,9386,15728,7348,503,1128935,127174,229128
2015-04-03,449662,60175,3.777701048,690952,0,9956.692307692,109293.592356688,90.1,-0.3,9404,15929,8217,503,1140614,126924,229945
2015-04-10,450956,61462,3.791142364,690950,-2,-577.557692308,110587.592356688,92.3,1.9,9384,16212,7148,503,1141906,128941,227873
2015-04-17,456271,62200,3.891878363,690950,0,3611.115384615,115902.592356688,91.2,0.8,9366,15982,7765,503,1147221,129336,225738
2015-04-24,458181,61686,3.831428571,690948,-2,171.673076923,117812.592356688,91.3,0.9,9373,16100,7446,467,1149129,129270,227451
2015-05-01,454079,61674,3.77280235,690948,0,-5844.403846154,110174.265432099,93,2.6,9369,16347,6541,467,1145027,130773,227852
2015-05-08,451888,60684,3.800350701,690947,-1,-3884.75,107983.265432099,91.2,0.8,9374,15968,6881,467,1142835,128270,226710
2015-05-15,449214,60443,3.728057731,691260,313,-4307.403846154,105309.265432099,92.4,2,9262,16213,7199,467,1140474,127724,223936
2015-05-22,446412,60010,3.648024316,691847,587,-4522.942307692,102507.265432099,93.6,3.2,9566,16450,6696,441,1138259,128839,220627
2015-05-29,444464,59027,3.597671725,692346,499,-3583.192307692,100559.265432099,93.2,2.8,9586,16407,7373,441,1136810,132612,220293
2015-06-05,438447,58003,3.499215734,692345,-1,-7680.711538462,96396.660377358,94.6,4.2,9610,16576,6623,441,1130792,133477,217354
2015-06-12,435771,58115,3.569278958,692944,599,-4276.5,93720.660377358,93.1,2.7,9589,16282,7067,441,1128715,133591,217814
2015-06-19,430837,56245,3.402189693,693294,350,-6494.173076923,88786.660377358,94,3.6,9604,16532,6765,571,1124131,135428,218494
2015-06-26,433223,56368,3.409836066,693692,398,954.211538462,91172.660377358,95,4.6,9595,16531,7513,571,1126915,135820,216737
2015-07-03,433714,56667,3.41449747,694223,531,-1047.346153846,98963.969325153,94.7,4.3,9604,16596,7316,571,1127937,137461,217952
2015-07-10,429368,57105,3.394056464,694622,399,-5940.076923077,94617.969325153,95.3,4.9,9562,16825,7354,571,1123990,141280,218010
2015-07-17,431836,57918,3.43319502,695135,513,812.788461538,97085.969325153,95.5,5.1,9558,16870,7941,571,1126971,141515,216285
2015-07-24,427633,57706,3.44266794,695134,-1,-5982,92882.969325153,95.1,4.7,9413,16762,7545,571,1122767,144103,215922
2015-07-31,423226,57164,3.347818448,695134,0,-6176.26923077,88475.969325153,96.1,5.7,9465,17075,7180,576,1118360,144812,216733
2015-08-07,421822,57113,3.353866933,695134,0,-3116.673076923,93023.670658683,96.1,5.7,9395,17029,7573,576,1116956,147806,215482
2015-08-14,424442,57439,3.424083458,695133,-1,961.26923077,95643.670658683,95.1,4.7,9348,16775,8038,576,1119575,148400,212774
2015-08-21,418990,57695,3.46350102,695133,0,-7247.153846154,90191.670658683,94.5,4.1,9337,16658,7199,477,1114123,149836,214434
2015-08-28,423657,57307,3.496674599,695133,0,2936.884615385,94858.670658683,92.8,2.4,9218,16389,7855,477,1118790,149951,214163
2015-09-04,426062,56410,3.501551831,695130,-3,567.73076923,102166.35625,90.9,0.5,9135,16110,7459,477,1121192,150903,214547
2015-09-11,423958,54504,3.300672198,695130,0,-4000.807692308,100062.35625,93.1,2.7,9117,16513,7189,477,1119088,153963,217387
2015-09-18,422033,54042,3.335308276,695130,0,-3710.711538462,98137.35625,90.9,0.5,9136,16203,7176,477,1117163,151875,218756
2015-09-25,425988,52974,3.318757048,695128,-2,2124.134615385,102092.35625,89.8,-0.6,9096,15962,7554,526,1121116,151608,222010
2015-10-02,429028,53072,3.411016132,695128,0,1106.865384615,103243.94011976,87.5,-2.9,9172,15559,7068,526,1124156,149150,223920
2015-10-09,436590,54197,3.549944324,695128,0,5664.923076923,110805.94011976,86,-4.4,9096,15267,7315,526,1131718,147630,221302
2015-10-16,444618,54119,3.526816553,695127,-1,6157.096153846,118833.94011976,86.4,-4,9096,15345,7471,526,1139745,145008,219784
2015-10-23,447994,53334,3.415343238,695127,0,1487.461538462,122209.94011976,87.6,-2.8,9112,15616,7032,504,1143121,142057,218647
2015-10-30,450841,53122,3.397198951,695127,0,933.173076923,125056.94011976,88.7,-1.7,9160,15637,6943,504,1145968,140757,215347
2015-11-06,454822,55359,3.473178995,695126,-1,2021.26923077,122910.853658537,89.5,-0.9,9185,15939,7377,504,1149948,141109,213245
2015-11-13,455074,56854,3.536576263,695126,0,-1837.846153846,123162.853658537,90.3,-0.1,9182,16076,6968,504,1150200,140318,214254
2015-11-20,456035,58598,3.577411477,695125,-1,-1083.538461538,124123.853658537,92,1.6,9165,16380,7333,445,1151160,141364,216732
2015-11-27,457212,59026,3.51282509,695125,0,-848.596153846,125300.853658537,94.5,4.1,9202,16803,7747,445,1152337,144415,216867
2015-12-04,453553,59449,3.570081672,695123,-2,-5778.173076923,125756.982142857,93.1,2.7,9164,16652,8021,445,1148676,149413,217653
2015-12-11,458354,60056,3.615435555,695123,0,2777.153846154,130557.982142857,91.9,1.5,9176,16611,8312,445,1153477,151976,219384
2015-12-18,452477,62101,3.771010444,695123,0,-8009.461538462,124680.982142857,91.3,0.9,9179,16468,7326,500,1147600,151315,220495
2015-12-25,455106,62993,3.776105982,695120,-3,749.307692308,127309.982142857,92.6,2.2,9202,16682,7892,500,1150226,153110,221420
2016-01-01,450956,63910,3.846061263,695120,0,-6113.98076923,130997.987730061,92.5,2.1,9219,16617,7510,500,1146076,159418,231996
2016-01-08,451190,64007,3.897399988,695119,-1,-1730.423076923,131231.987730061,91.2,0.8,9227,16423,8188,500,1146309,165554,240434
2016-01-15,455169,64198,3.965287214,695118,-1,2113.711538462,135210.987730061,90.6,0.2,9235,16190,7779,500,1150287,164529,244997
2016-01-22,463552,63427,4.055694098,695118,0,6634.865384615,143593.987730061,87.4,-3,9221,15639,7609,399,1158670,160472,248461
2016-01-29,471344,64174,4.10976625,695117,-1,6053.307692308,151385.987730061,86.6,-3.8,9214,15615,8256,399,1166461,159695,254399
2016-02-05,470676,64697,4.171308833,695116,-1,-2434.75,144991.295302013,86.1,-4.3,9186,15510,7124,399,1165792,160976,255657
2016-02-12,472823,64733,4.084616355,695116,0,476.307692308,147138.295302013,88.3,-2.1,9135,15848,7919,399,1167939,162375,258693
2016-02-19,476325,65066,4.148294549,695115,-1,1938.403846154,150640.295302013,87.3,-3.1,9102,15685,7802,399,1171440,160715,256457
2016-02-26,486699,66256,4.179661872,695115,0,8905.115384615,161014.295302013,88.3,-2.1,9077,15852,8292,387,1181814,163597,254989
2016-03-04,490843,66946,4.207529382,695112,-3,2673.75,157239.10909091,89.1,-1.3,9078,15911,8048,387,1185955,162478,250463
2016-03-11,492160,67491,4.21924231,695114,2,-133.346153846,158556.10909091,89,-1.4,9068,15996,7693,387,1187274,161343,249716
2016-03-18,501517,66233,4.186662453,695114,0,8066.365384615,167913.10909091,88.4,-2,9038,15820,8384,387,1196631,162260,245074
2016-03-25,503816,65961,4.06313909,695112,-2,985.538461538,170212.10909091,90.4,0,9022,16234,7748,387,1198928,161185,242560
2016-04-01,498598,66318,4.035659953,695112,0,-6484.01923077,158229.592356688,91.4,1,9008,16433,7254,339,1193710,162984,243998
2016-04-08,505232,64551,4.04936955,695112,0,5692.923076923,164863.592356688,89.2,-1.2,8977,15941,7940,339,1200344,163489,239761
2016-04-15,507312,64303,3.99298311,695112,0,1036.23076923,166943.592356688,89.4,-1,8953,16104,8187,339,1202424,159935,239651
2016-04-22,509311,66049,4.167918218,695111,-1,1017.442307692,168942.592356688,88.1,-2.3,8938,15847,7550,390,1204422,158240,241259
2016-04-29,512095,66292,4.146878519,695108,-3,1800.73076923,171726.592356688,89.7,-0.7,8825,15986,7660,390,1207203,156979,241795
2016-05-06,508487,67812,4.19135917,695107,-1,-4723.692307692,164582.265432099,89.1,-1.3,8802,16179,7655,390,1203594,155332,240564
2016-05-13,509797,68273,4.170362226,695107,0,221.557692308,165892.265432099,90.5,0.1,8791,16371,7677,390,1204904,152162,238068
2016-05-20,505571,67624,4.154063517,695106,-1,-5391.057692308,161666.265432099,89.7,-0.7,8767,16279,7315,390,1200677,150878,240111
2016-05-27,504205,66920,4.129334814,695106,0,-2503.673076923,160300.265432099,89.8,-0.6,8735,16206,7839,489,1199311,149623,238619
2016-06-03,501844,65557,3.993238716,695104,-2,-3509.865384615,159793.660377358,90.9,0.5,8745,16417,7705,489,1196948,151377,239629
2016-06-10,500911,66461,4.07311393,695104,0,-2152.173076923,158860.660377358,90.2,-0.2,8716,16317,7622,489,1196015,152163,237004
2016-06-17,499994,65181,3.94916692,695104,0,-2169.692307692,157943.660377358,91.3,0.9,8677,16505,8439,489,1195098,152314,237631
2016-06-24,495941,64230,3.847259659,695104,0,-5382.942307692,153890.660377358,93,2.6,8622,16695,7555,598,1191045,150513,238998
2016-07-01,493718,64148,3.844190088,695102,-2,-3429.115384615,158967.969325153,92.5,2.1,8428,16687,8363,598,1188820,148939,238876
2016-07-08,491172,63916,3.863394584,695100,-2,-3699.923076923,156421.969325153,92.3,1.9,8485,16544,7841,598,1186272,152997,240089
2016-07-15,488830,64105,3.801518117,695099,-1,-3530.538461538,154079.969325153,93.2,2.8,8494,16863,8134,598,1183929,152783,241000
2016-07-22,490501,65215,3.931930544,695099,0,574.961538462,155750.969325153,92.4,2,8515,16586,8437,677,1185600,152003,241452
2016-07-29,491914,64092,3.803228103,695099,0,204,157163.969325153,93.3,2.9,8460,16852,8738,677,1187013,153155,238190
2016-08-05,492969,65255,3.93173465,695096,-3,-265.923076923,164170.670658683,92.2,1.8,8445,16597,8404,677,1188065,151196,235383
2016-08-12,490461,64531,3.826326712,695096,0,-3876.211538462,161662.670658683,93.5,3.1,8597,16865,8193,677,1185557,153135,232659
2016-08-19,492962,64906,3.891480305,695095,-1,1231.403846154,164163.670658683,92.5,2.1,8548,16679,8642,677,1188057,153257,232695
2016-08-26,495238,63867,3.843936202,695094,-1,853.461538462,166439.670658683,92.8,2.4,8488,16615,8917,698,1190332,154753,232004
2016-09-02,480725,63433,3.746780862,695093,-1,-15889.557692308,156829.35625,93.7,3.3,8458,16930,7069,501,1175818,158135,227793
2016-09-09,480166,62188,3.717154812,695093,0,-1610.211538462,156270.35625,92.9,2.5,8493,16730,8062,418,1175259,162754,228360
2016-09-16,473966,62714,3.780912763,695092,-1,-7280.923076923,150070.35625,92,1.6,8512,16587,8309,588,1169058,164992,225156
2016-09-23,472084,62083,3.800844863,695092,0,-2880.711538462,148188.35625,90.1,-0.3,8497,16334,7835,507,1167176,163077,227183
2016-09-30,469108,62652,3.907934132,695091,-1,-3862.461538462,145212.35625,88.3,-2.1,8467,16032,7710,440,1164199,160718,227405
2016-10-07,473958,61334,3.94380144,695090,-1,4079.23076923,148173.94011976,85.5,-4.9,8450,15552,7861,481,1169048,156972,225498
2016-10-14,468711,59699,3.884124919,695089,-1,-5965.615384615,142926.94011976,85,-5.4,8464,15370,6907,439,1163800,155732,227967
2016-10-21,468158,58362,3.752700617,695089,0,-1016.326923077,142373.94011976,85.6,-4.8,8504,15552,7016,415,1163247,152378,226011
2016-10-28,482578,58451,3.783726049,695088,-1,14032.23076923,156793.94011976,85.2,-5.2,8522,15448,8995,404,1177666,150550,223804
2016-11-04,485010,58479,3.697224505,695087,-1,1821.673076923,153098.853658537,87.1,-3.3,8692,15817,7442,410,1180097,148602,220963
2016-11-11,490284,59170,3.669229815,695087,0,4693.461538462,158372.853658537,89.2,-1.2,8681,16126,8423,481,1185371,148912,221709
2016-11-18,489029,59083,3.603281088,695086,-1,-1932.115384615,157117.853658537,90.8,0.4,8690,16397,7578,469,1184115,149239,224026
2016-11-25,488145,61502,3.777068108,695085,-1,-1518.5,156233.853658537,89.8,-0.6,8699,16283,7548,474,1183230,154196,226123
2016-12-02,485756,65285,3.976670524,695084,-1,-2983.865384615,157959.982142857,90.4,0,8697,16417,8303,499,1180840,156697,229548
2016-12-09,483193,66508,4.037149448,695084,0,-3182.288461538,155396.982142857,90.5,0.1,8796,16474,7360,485,1178277,155935,230045
2016-12-16,485449,66263,3.977848481,695083,-1,1778.326923077,157652.982142857,91.5,1.1,8786,16658,8471,557,1180532,153515,228736
2016-12-23,486063,66435,4.012502265,695082,-1,-20.076923077,158266.982142857,91,0.6,8766,16557,8167,627,1181145,151634,227143
2016-12-30,479012,67509,4.04511954,695082,0,-7646.326923077,151215.982142857,92,1.6,8770,16689,7183,686,1174094,161685,235450
2017-01-06,483109,66930,3.912433507,695082,0,3557.461538462,163150.987730061,93.6,3.2,8946,17107,9052,727,1178191,170041,240473
2017-01-13,485456,65656,3.986883653,695081,-1,1733.173076923,165497.987730061,90.7,0.3,8944,16468,8378,704,1180537,169073,246424
2017-01-20,488296,65372,4.073783262,695081,0,2257.557692308,168337.987730061,88.3,-2.1,8961,16047,7810,599,1183377,169149,253220
2017-01-27,494762,64127,4.021257917,695079,-2,5990.153846154,174803.987730061,88.2,-2.2,8915,15947,8290,549,1189841,170717,257086
2017-02-03,508592,65270,4.10683949,695078,-1,13379.653846154,182907.295302013,87.7,-2.7,8978,15893,9372,567,1203670,170746,256217
2017-02-10,518119,64568,4.17699573,695078,0,8797.846153846,192434.295302013,85.4,-5,8977,15458,8491,1026,1213197,170057,259063
2017-02-17,518683,63040,4.128085914,695078,0,-307.076923077,192998.295302013,84.3,-6.1,9001,15271,7286,1211,1213761,165133,256435
2017-02-24,520184,63535,4.056115935,695076,-2,686.423076923,194499.295302013,86,-4.4,9032,15664,7589,721,1215260,164208,255889
2017-03-03,528393,64402,4.157113349,694825,-251,7565.057692308,194789.10909091,85.9,-4.5,9088,15492,8150,897,1223218,161532,249334
2017-03-10,528156,66532,4.300155119,694009,-816,-959.115384615,194552.10909091,85.1,-5.3,9109,15472,7405,717,1222165,157303,246279
2017-03-17,533110,67951,4.300424024,693383,-626,4261.76923077,199506.10909091,87.4,-3,9129,15801,8307,550,1226493,155393,243468
2017-03-24,533977,67731,4.17422655,692659,-724,259.442307692,200373.10909091,89.3,-1.1,9147,16226,8224,1010,1226636,152910,239721
2017-03-31,535543,69144,4.208655426,692135,-524,985.98076923,201939.10909091,90.8,0.4,9199,16429,7850,575,1227678,152374,239103
2017-04-07,533377,69420,4.157633108,691510,-625,-2876.48076923,193008.592356688,91,0.6,9235,16697,7878,689,1224887,150221,236130
2017-04-14,532343,68642,4.052544574,691311,-199,-1575.25,191974.592356688,92.9,2.5,9252,16938,7810,565,1223654,148266,237672
2017-04-21,528702,67439,3.901590975,690810,-501,-4122.365384615,188333.592356688,94.1,3.7,9265,17285,8912,1152,1219512,150917,241041
2017-04-28,527772,66711,3.883739885,689338,-1472,-1302.903846154,187403.592356688,93.3,2.9,9293,17177,8264,538,1217110,150355,241232
2017-05-05,522525,66273,3.954472224,688787,-551,-5548.48076923,178620.265432099,91.5,1.1,9314,16759,7620,693,1211312,148768,241082
2017-05-12,520772,66308,3.872678425,688059,-728,-2022.961538462,176867.265432099,93.4,3,9305,17122,8590,1086,1208831,146824,240669
2017-05-19,516340,65567,3.794167004,687661,-398,-4643.057692308,172435.265432099,93.5,3.1,9320,17281,8294,625,1204001,146339,239882
2017-05-26,509912,64820,3.701884637,686682,-979,-6635.096153846,166007.265432099,95,4.6,9342,17510,7985,1303,1196594,146733,237024
2017-06-02,513207,63376,3.678876183,685026,-1656,3185.25,171156.660377358,94.1,3.7,9318,17227,8341,557,1198233,151088,240348
2017-06-09,511546,62220,3.605702364,684625,-401,-1879.51923077,169495.660377358,94.4,4,9330,17256,8025,722,1196171,151416,242444
2017-06-16,509095,61140,3.56459888,683842,-783,-2655.51923077,167044.660377358,94,3.6,9350,17152,7876,517,1192937,152495,241866
2017-06-23,509213,60843,3.602309059,682436,-1406,-57.01923077,167162.660377358,92.5,2.1,9250,16890,8016,528,1191649,152272,240972
2017-06-30,502914,59509,3.471734438,682037,-399,-6554.23076923,160863.660377358,93.6,3.2,9338,17141,7742,768,1184951,150422,237303
2017-07-07,495350,57561,3.33803062,678887,-3150,-7740.846153846,160599.969325153,94.5,4.1,9397,17244,7610,918,1174237,153553,235656
2017-07-14,490623,57538,3.36106081,678885,-2,-4807.346153846,155872.969325153,94,3.6,9429,17119,7996,728,1169508,151416,231211
2017-07-21,483415,55839,3.230488863,678885,0,-7242.48076923,148664.969325153,94.3,3.9,9410,17285,8044,1030,1162300,149564,230196
2017-07-28,481888,55800,3.205422794,678884,-1,-1390.73076923,147137.969325153,95.4,5,9430,17408,8253,702,1160772,149414,227679
2017-08-04,475437,56369,3.207522476,678883,-1,-6258.192307692,146638.670658683,96.3,5.9,9423,17574,7762,707,1154320,147685,231103
2017-08-11,466492,57047,3.247765443,678883,0,-8607.846153846,137693.670658683,96.1,5.7,9502,17565,8126,877,1145375,148387,231125
2017-08-18,463165,56544,3.238302503,678883,0,-2866.057692308,134366.670658683,95.4,5,9528,17461,8790,936,1142048,148415,229902
2017-08-25,457773,57233,3.228942172,678880,-3,-4818.98076923,128974.670658683,96.6,6.2,9530,17725,7905,902,1136653,149163,229937
2017-09-01,462353,58030,4.00981205,678600,-280,5300.48076923,138457.35625,79.7,-10.7,8781,14472,7083,153,1140953,147767,226738
2017-09-08,468241,59053,4.194700952,677007,-1593,6241.307692308,144345.35625,77.7,-12.7,9353,14078,6480,774,1145248,144552,218310
2017-09-15,472832,59756,3.938571052,675397,-1610,4820.326923077,148936.35625,83.2,-7.2,9510,15172,7368,928,1148229,138859,216185
2017-09-22,470986,60937,3.76758996,674601,-796,-1824.192307692,147090.35625,88.6,-1.8,9547,16174,7427,1491,1145587,138045,217292
2017-09-29,464963,62462,3.896812028,673649,-952,-6001.884615385,141067.35625,88.1,-2.3,9561,16029,7214,1984,1138612,135439,218936
2017-10-06,462216,63784,3.92323779,672449,-1200,-2667.288461538,136431.94011976,89.2,-1.2,9480,16258,7617,1270,1134665,133959,221426
2017-10-13,456485,63986,4.144439407,671691,-758,-5505.192307692,130700.94011976,84.5,-5.9,8406,15439,7483,1798,1128176,134487,222334
2017-10-20,457341,63749,3.978096724,671377,-314,1091.115384615,131556.94011976,87.8,-2.6,9507,16025,8123,1924,1128718,129241,216869
2017-10-27,454906,63839,3.986200437,670587,-790,-2226.98076923,129121.94011976,88.1,-2.3,9553,16015,7571,2133,1125493,128921,212849
2017-11-03,457143,64559,3.959460288,669906,-681,2769.153846154,125231.853658537,89.6,-0.8,9620,16305,7377,869,1127049,125562,209537
2017-11-10,458997,63055,3.78959072,669200,-706,2389.903846154,127085.853658537,91,0.6,9645,16639,7898,1129,1128197,124763,210431
2017-11-17,457142,61228,3.636298848,667475,-1725,-1253.326923077,125230.853658537,91.3,0.9,9658,16838,7873,1591,1124617,125032,210475
2017-11-24,453713,58314,3.429630065,665111,-2364,-2815.788461538,121801.853658537,92.6,2.2,9682,17003,7329,1412,1118824,127779,214102
2017-12-01,448103,55561,3.231230009,662663,-2448,-4947.846153846,120306.982142857,93.8,3.4,9707,17195,7202,1358,1110766,129446,220882
2017-12-08,442986,52244,3.081878244,662911,248,-4392.903846154,115189.982142857,93.4,3,9780,16952,7363,1086,1105897,128076,226546
2017-12-15,436491,52998,3.106018871,663294,383,-5721.788461538,108694.982142857,94.1,3.7,9789,17063,7834,1858,1099785,128845,227783
2017-12-22,431882,51414,2.95516726,663392,98,-3667.5,104085.982142857,95.7,5.3,9754,17398,7993,1210,1095274,129935,228374
2017-12-29,424463,48973,2.781292594,663748,356,-6377.057692308,96666.982142857,96.7,6.3,9782,17608,7966,1475,1088211,138834,233187
2018-01-05,419515,46578,2.688795243,663747,-1,-3898.98076923,99556.987730061,95.3,4.9,9492,17323,7658,1015,1083262,143088,237322
2018-01-12,412654,42394,2.512237037,664218,471,-5638.038461538,92695.987730061,93,2.6,9750,16875,7950,1249,1076872,139201,240942
2018-01-19,411583,39244,2.380877267,664454,236,329.038461538,91624.987730061,90.9,0.5,9878,16483,8041,1411,1076037,139840,244040
2018-01-26,418359,37020,2.311871604,664686,232,8251.25,98400.987730061,88.1,-2.3,9919,16013,8430,1765,1083045,137900,242060
2018-02-02,420254,36309,2.161636006,665148,462,3364.288461538,94569.295302013,92.5,2.1,10251,16797,7892,1287,1085402,141826,245474
2018-02-09,422095,32667,2.02122262,665568,420,3539.807692308,96410.295302013,89.8,-0.6,10271,16162,7888,1322,1087663,141367,249073
2018-02-16,420479,30003,1.89496621,664872,-696,230.615384615,94794.295302013,88.1,-2.3,10270,15833,7021,2044,1085351,138945,249334
2018-02-23,423498,28785,1.812429165,665281,409,4907.538461538,97813.295302013,87.8,-2.6,10283,15882,7282,1445,1088779,137985,251817
2018-03-02,425906,28180,1.768434264,665458,177,4267.346153846,92302.10909091,88,-2.4,10369,15935,8003,1498,1091364,137426,251029
2018-03-09,430928,28518,1.742408505,665458,0,6992.903846154,97324.10909091,90,-0.4,10381,16367,7585,1487,1096386,133066,244758
2018-03-16,428306,29423,1.753770042,665458,0,-752.23076923,94702.10909091,91.7,1.3,10407,16777,7077,1573,1093764,131044,243065
2018-03-23,429949,31227,1.859303364,665458,0,3658.461538462,96345.10909091,92.3,1.9,10433,16795,8148,1578,1095407,128954,239593
2018-03-30,425332,34893,2.060285782,665456,-2,-2616.461538462,91728.10909091,93,2.6,10460,16936,7898,2175,1090788,129491,238477
2018-04-06,428638,36022,2.116575592,665456,0,5425.442307692,88269.592356688,93.5,3.1,10525,17019,8650,1205,1094094,128447,238935
2018-04-13,427567,34907,2.059531536,665456,0,943.211538462,87198.592356688,92.4,2,10540,16949,7930,1749,1093023,125340,235967
2018-04-20,429737,35366,2.127790145,664718,-738,4184.923076923,89368.592356688,90.8,0.4,10586,16621,8469,2331,1094455,122729,236807
2018-04-27,435955,35782,2.16061832,664266,-452,8121.173076923,95586.592356688,91.1,0.7,10619,16561,8549,2148,1100221,118829,237978
2018-05-04,433758,37170,2.2546403,663557,-709,-431.288461538,89853.265432099,90.4,0,10703,16486,7323,1877,1097315,115038,235804
2018-05-11,432354,37223,2.2376315,662037,-1520,303.057692308,88449.265432099,91.1,0.7,10723,16635,7601,2566,1094391,114946,232014
2018-05-18,438132,36100,2.171036805,661336,-701,7478.346153846,94227.265432099,91.8,1.4,10725,16628,8159,1748,1099468,113995,233897
2018-05-25,434512,35544,2.071932381,660777,-559,-2116,90607.265432099,93.9,3.5,10769,17155,7631,2179,1095289,114629,234431
2018-06-01,436584,34589,1.991421498,660168,-609,3522,94533.660377358,95.4,5,10800,17369,8346,1714,1096752,116794,239034
2018-06-08,432441,33902,1.936703799,660168,0,-2669.48076923,90390.660377358,95.7,5.3,10900,17505,8099,2030,1092609,114693,236763
2018-06-15,426527,32606,1.842042822,660016,-152,-4392.75,84476.660377358,96.7,6.3,10900,17701,8242,2374,1086543,117408,240040
2018-06-22,416636,29893,1.677873821,660016,0,-8303.153846154,74585.660377358,97.5,7.1,10900,17816,8356,3000,1076652,117423,241196
2018-06-29,417881,27780,1.573670198,660016,0,3025.326923077,75830.660377358,97.1,6.7,10900,17653,9055,2336,1077897,117557,239691
2018-07-06,405248,25718,1.456945389,660015,-1,-10997.75,70497.969325153,96.7,6.3,10900,17652,7431,2027,1065263,121682,238997
2018-07-13,411084,24858,1.44196299,660014,-1,7568.73076923,76333.969325153,94.3,3.9,11000,17239,9066,1461,1071098,121311,235832
2018-07-20,404937,23731,1.372924501,660014,0,-4617.403846154,70186.969325153,93.8,3.4,11000,17285,7770,2683,1064951,121210,233504
2018-07-27,408740,22393,1.281064073,660014,0,5312.192307692,73989.969325153,96.1,5.7,10900,17480,7749,1310,1068754,124193,230968
2018-08-03,407389,21803,1.238947608,660013,-1,55.692307692,78590.670658683,96.6,6.2,10800,17598,7931,1850,1067402,125423,233868
2018-08-10,414194,23446,1.303931928,660013,0,8113.615384615,85395.670658683,98.1,7.7,10900,17981,9014,1592,1074207,128989,233128
2018-08-17,408358,24218,1.35356584,660012,-1,-4830.26923077,79559.670658683,98.1,7.7,11000,17892,7518,1155,1068370,130838,234328
2018-08-24,405792,24276,1.381987931,660012,0,-1512.01923077,76993.670658683,96.3,5.9,11000,17566,7485,1779,1065804,130001,232774
2018-08-31,401490,24825,1.40675469,660012,0,-3302.365384615,72691.670658683,96.6,6.2,11000,17647,7714,1508,1061502,133120,234619
2018-09-07,396194,23583,1.320658565,660011,-1,-4125.557692308,72298.35625,97.6,7.2,10900,17857,7591,1828,1056205,139283,235869
2018-09-14,394137,22333,1.28240023,660010,-1,-671.48076923,70241.35625,95.4,5,11000,17415,8024,2367,1054147,140122,234150
2018-09-21,395989,22794,1.380283396,660010,0,3365.365384615,72093.35625,90.4,0,11100,16514,7802,2640,1055999,137881,235680
2018-09-28,403964,24493,1.476282322,660010,0,9417.25,80068.35625,90.4,0,11100,16591,7965,1723,1063974,136131,235221
2018-10-05,409951,26852,1.653550095,658704,-1306,7160.057692308,84166.94011976,88.8,-1.6,11200,16239,7397,2576,1068655,133465,236172
2018-10-12,416441,28628,1.754596715,657634,-1070,7495.096153846,90656.94011976,88.8,-1.6,10900,16316,7615,1782,1074075,132638,234156
2018-10-19,422787,29999,1.844049668,656476,-1158,7116.076923077,97002.94011976,89.2,-1.2,10900,16268,7678,2180,1079263,130376,229330
2018-10-26,426004,31877,1.941706767,654935,-1541,3881.5,100219.94011976,89.4,-1,11200,16417,7344,2485,1080939,126322,226169
2018-11-02,431787,34296,2.090199902,654700,-235,6338.807692308,99875.853658537,90,-0.4,11600,16408,7539,2405,1086487,122857,228021
2018-11-09,442057,35463,2.158166991,653329,-1371,10757.615384615,110145.853658537,90.1,-0.3,11700,16432,7452,2050,1095386,119268,226610
2018-11-16,446908,35347,2.097122516,652569,-760,5176.76923077,114996.853658537,92.7,2.3,11700,16855,7554,1969,1099477,119191,225315
2018-11-23,450485,36524,2.080783912,650564,-2005,3773.807692308,118573.853658537,95.6,5.2,11700,17553,8162,2442,1101049,121801,224551
2018-11-30,443162,38253,2.187510722,649561,-1003,-7260.923076923,111250.853658537,95.5,5.1,11700,17487,7219,3203,1092723,125612,226250
2018-12-07,441954,39401,2.259749943,649563,2,-1112.98076923,114157.982142857,95.1,4.7,11600,17436,7393,2274,1091517,124137,228337
2018-12-14,441457,40492,2.326056985,649137,-426,-477.153846154,113660.982142857,95.4,5,11600,17408,7423,2325,1090594,119900,230103
2018-12-21,441411,41291,2.379884726,649139,2,-141.5,113614.982142857,95.1,4.7,11700,17350,7656,2969,1090550,119902,233106
2018-12-28,441418,41932,2.361036036,649139,0,-176.25,113621.982142857,97.2,6.8,11700,17760,7392,2237,1090557,129431,239996
2019-01-04,439738,42262,2.405897757,649139,0,-2006.057692308,119779.987730061,96.1,5.7,11700,17566,7846,2065,1088877,140042,248062
2019-01-11,437055,41519,2.410671776,649139,0,-3071.903846154,117096.987730061,94.6,4.2,11900,17223,7527,2966,1086194,143009,255565
2019-01-18,445025,41329,2.424130448,649139,0,7500.75,125066.987730061,92.9,2.5,11900,17049,8191,2035,1094164,142392,259615
2019-01-25,445944,41184,2.50160967,649139,0,275.884615385,125985.987730061,90.1,-0.3,11900,16463,7083,1944,1095083,141270,257380
2019-02-01,447207,42625,2.562676607,649139,0,732.51923077,121522.295302013,90.7,0.3,11900,16633,7146,2870,1096346,139013,257893
2019-02-08,450840,41609,2.63882547,649139,0,3114.673076923,125155.295302013,85.9,-4.5,11900,15768,6210,2364,1099979,140200,258301
2019-02-15,454512,45022,2.865635542,649139,0,3119.211538462,128827.295302013,85.9,-4.5,12000,15711,7522,3607,1103651,138683,256847
2019-02-22,445865,46650,2.935808685,649139,0,-9301.48076923,120180.295302013,87.1,-3.3,12100,15890,5917,3359,1095004,138379,254941
2019-03-01,452934,47523,2.972045028,649126,-13,6638.865384615,119330.10909091,87.5,-2.9,12100,15990,7001,2803,1102060,135986,250714
2019-03-08,449072,46851,2.924531835,649126,0,-4381.76923077,115468.10909091,87.6,-2.8,12000,16020,6746,2546,1098198,136369,246090
2019-03-15,439483,46383,2.863501667,649126,0,-9937.923076923,105879.10909091,88.9,-1.5,12100,16198,6932,3392,1088609,132242,241503
2019-03-22,442283,46924,2.964057861,649126,0,2585.057692308,108679.10909091,86.6,-3.8,12100,15831,6540,2886,1091409,130167,238620
2019-03-29,449521,47125,2.973373714,649126,0,7000.807692308,115917.10909091,86.4,-4,12200,15849,6763,2723,1098647,128169,236839
2019-04-05,456550,45992,2.856645963,649126,0,6563.826923077,116181.592356688,87.5,-2.9,12200,16100,6599,2349,1105676,128053,229129
2019-04-12,455154,44449,2.764585147,649126,0,-1932.76923077,114785.592356688,87.7,-2.7,12100,16078,5992,2401,1104280,127691,227955
2019-04-19,460633,44912,2.708315745,649126,0,4948.48076923,120264.592356688,90.1,-0.3,12200,16583,7149,2681,1109759,127029,225826
2019-04-26,470567,45177,2.74699015,648587,-539,9339.846153846,130198.592356688,89.2,-1.2,12300,16446,7414,2611,1119154,125722,226743
2019-05-03,466604,45998,2.80390125,647717,-870,-4628.615384615,122699.265432099,88.9,-1.5,12200,16405,6693,2322,1114321,125563,226147
2019-05-10,472035,47803,2.866574718,645953,-1764,4799.346153846,128130.265432099,90.5,0.1,12100,16676,7612,3347,1117988,125647,225024
2019-05-17,476775,49069,2.959886597,644818,-1135,3976.903846154,132870.265432099,89.9,-0.5,12200,16578,6943,2922,1121593,126415,228740
2019-05-24,476493,49053,2.92556808,644818,0,-1025.134615385,132588.265432099,91.2,0.8,12300,16767,6862,3317,1121311,124800,230944
2019-05-31,483264,50844,3.001771165,644818,0,5963.673076923,139359.265432099,91.8,1.4,12400,16938,7927,3298,1128082,129372,234149
2019-06-07,485470,52940,3.10243788,644818,0,1308.307692308,143419.660377358,93.2,2.8,12300,17064,7611,3122,1130288,128372,234913
2019-06-14,482364,53582,3.103683967,644818,0,-4125.788461538,140313.660377358,93.9,3.5,12200,17264,7467,3422,1127182,127821,233221
2019-06-21,469576,51836,2.989905981,644818,0,-13861.788461538,127525.660377358,94.2,3.8,12100,17337,6656,3770,1114394,125380,232225
2019-06-28,468491,52488,3.035743204,644818,0,-2103.076923077,126440.660377358,94.2,3.8,12200,17290,7585,2990,1113309,126788,230642
2019-07-05,458992,52178,2.99220094,644818,0,-10472.26923077,124241.969325153,94.7,4.3,12300,17438,7302,3048,1103810,130517,229187
2019-07-12,455876,50827,2.943591823,644818,0,-4149.538461538,121125.969325153,94.4,4,12000,17267,6832,2534,1100694,136203,232752
2019-07-19,445041,50398,2.958670894,644818,0,-11696.384615385,110290.969325153,93.1,2.7,11300,17034,7028,3292,1089859,136816,232526
2019-07-26,436545,48865,2.875934318,644818,0,-9267.23076923,101794.969325153,93,2.6,12200,16991,6663,2574,1081363,135922,230735
2019-08-02,438930,47361,2.664172808,644818,0,1850.288461538,110131.670658683,96.4,6,12300,17777,7148,1865,1083748,137451,235172
2019-08-09,440510,44821,2.590509768,644818,0,973.442307692,111711.670658683,94.8,4.4,12300,17302,7714,2683,1085328,135513,233760
2019-08-16,437778,42336,2.39159417,644818,0,-3238.076923077,108979.670658683,95.9,5.5,12300,17702,7218,2803,1082596,138123,234072
2019-08-23,427751,40356,2.318244485,644818,0,-10592.76923077,98952.670658683,95.2,4.8,12500,17408,5928,3019,1072569,136060,231982
2019-08-30,422980,40126,2.308612853,644818,0,-5193.288461538,94181.670658683,94.8,4.4,12400,17381,6904,3061,1067798,133522,229586
2019-09-06,416068,39328,2.24795656,644818,0,-7325.26923077,92172.35625,95.1,4.7,12400,17495,6725,3295,1060886,136226,228904
2019-09-13,417126,38681,2.315257078,644818,0,675.807692308,93230.35625,91.2,0.8,12400,16707,7050,3175,1061944,136663,229685
2019-09-20,419538,40937,2.47907709,644818,0,1969.903846154,95642.35625,89.8,-0.6,12500,16513,6378,2983,1064356,133685,230204
2019-09-27,422642,40736,2.543297746,644818,0,2651.134615385,98746.35625,86.4,-4,12400,16017,6291,2867,1067460,131267,229976
2019-10-04,425569,41677,2.6620465,644618,-200,2567.807692308,99784.94011976,85.7,-4.7,12600,15656,6224,3401,1070187,127324,228763
2019-10-11,434850,42953,2.782650946,643349,-1269,8980.653846154,109065.94011976,83.1,-7.3,12600,15436,6295,3248,1078199,123501,226201
2019-10-18,433151,44459,2.802332178,642350,-999,-2053.01923077,107366.94011976,85.2,-5.2,12600,15865,5857,3683,1075501,120786,223094
2019-10-25,438853,46031,2.877297162,641652,-698,5502.692307692,113068.94011976,87.7,-2.7,12600,15998,6697,3327,1080505,119754,220057
2019-11-01,446782,47745,3.02931286,640952,-700,7681.903846154,114870.853658537,86,-4.4,12600,15761,6077,2371,1087734,119132,217229
2019-11-08,449001,46516,2.922593616,639509,-1443,1930.634615385,117089.853658537,87.8,-2.6,12800,15916,5750,2633,1088510,116655,219090
2019-11-15,450380,44221,2.690660176,637537,-1972,1245.461538462,118468.853658537,89.5,-0.9,12800,16435,5972,3027,1087917,115681,220846
2019-11-22,451952,44124,2.701359128,636170,-1367,1505.23076923,120040.853658537,89.3,-1.1,12900,16334,6190,3480,1088122,116406,225978
2019-11-29,447096,43822,2.608762948,635166,-1004,-4884.211538462,115184.853658537,91.9,1.5,12900,16798,5989,3135,1082262,119469,229363
2019-12-06,447918,40429,2.435922155,634968,-198,746.346153846,120121.982142857,90.6,0.2,12800,16597,6887,3400,1082886,123587,234768
2019-12-13,446833,40164,2.425069436,634967,-1,-1199.692307692,119036.982142857,90.6,0.2,12800,16562,6579,3633,1081800,125096,237297
2019-12-20,441359,37771,2.224440518,634967,0,-5577.384615385,113562.982142857,93.3,2.9,12900,16980,6809,3397,1076326,124944,239260
2019-12-27,429896,36322,2.101602731,634967,0,-11462,102099.982142857,94.5,4.1,12900,17283,6352,4462,1064863,133720,242472
2020-01-03,431060,35501,2.10102385,634967,0,1385.576923077,111101.987730061,93,2.6,12900,16897,6730,3064,1066027,139050,251609
2020-01-10,428511,35843,2.111765746,634967,0,-2382.115384615,108552.987730061,92.2,1.8,13000,16973,6552,3481,1063478,147221,258287
2020-01-17,428106,34882,2.069288723,634967,0,-240.692307692,108147.987730061,90.5,0.1,13000,16857,6432,3414,1063073,146036,260032
2020-01-24,431654,35640,2.238131123,634967,0,3873.365384615,111695.987730061,87.2,-3.2,13000,15924,6660,3509,1066621,144747,261235
2020-01-31,435009,36708,2.298271976,634967,0,3629.807692308,115050.987730061,87.4,-3,12900,15972,6615,3413,1069976,143235,261144
2020-02-07,442468,38376,2.395505618,634967,0,7693.576923077,116783.295302013,88,-2.4,13000,16020,6978,2970,1077435,141222,261049
2020-02-14,442883,38243,2.359222702,634967,0,576,117198.295302013,89.4,-1,13000,16210,6547,3564,1077850,140587,259078
2020-02-21,443335,39149,2.445589705,634967,0,675.634615385,117650.295302013,87.9,-2.5,13000,16008,6217,3657,1078302,138472,256387
2020-02-28,444119,37178,2.36862895,634967,0,832.653846154,118434.295302013,86.9,-3.5,13100,15696,6238,4154,1079086,134464,252048
2020-03-06,451783,37882,2.412712566,634967,0,7833.51923077,118179.10909091,86.4,-4,13000,15701,6412,3410,1086750,128060,246999
2020-03-13,453737,38445,2.430151707,634967,0,1901.865384615,120133.10909091,86.4,-4,13100,15820,6539,4378,1088704,125120,240819
2020-03-20,455360,39303,2.481563329,634967,0,1348.884615385,121756.10909091,87.3,-3.1,13000,15838,6117,3850,1090327,124442,239282
2020-03-27,469193,42824,2.874479796,634967,0,13581.51923077,135589.10909091,82.3,-8.1,13000,14898,6047,3155,1104160,122248,246806
2020-04-03,484370,49241,3.611632683,634967,0,14798.692307692,144001.592356688,75.6,-14.8,12400,13634,5874,2833,1119337,122724,257303
2020-04-10,503618,54965,4.339913146,634967,0,18713,163249.592356688,69.1,-21.3,12300,12665,5680,3436,1138585,129004,262217
2020-04-17,518640,59741,4.796162492,634967,0,14090,178271.592356688,67.6,-22.8,12200,12456,4937,2890,1153607,136880,263234
2020-04-24,527631,63378,4.966538673,636117,1150,7875.48076923,187262.592356688,69.6,-20.8,12100,12761,5302,3302,1163748,141972,259565
2020-05-01,532221,65446,5.043618989,637833,1716,3492.615384615,188316.265432099,70.5,-19.9,11900,12976,5712,3546,1170054,151490,256407
2020-05-08,531476,62444,5.042719858,639766,1933,-2006.865384615,187571.265432099,67.9,-22.5,11600,12383,5391,3525,1171242,155001,252894
2020-05-15,526494,56857,4.406494614,641648,1882,-6125.096153846,182589.265432099,69.4,-21,11500,12903,5197,3239,1168142,158832,255724
2020-05-22,534422,53462,4.1153106,643759,2111,6971.865384615,190517.265432099,71.3,-19.1,11400,12991,7200,3176,1178181,164327,255000
2020-05-29,532345,51723,3.88690163,647779,4020,-3191.01923077,188440.265432099,71.8,-18.6,11200,13307,6179,2794,1180124,174261,257795
2020-06-05,538065,49444,3.666864432,649999,2220,4776.134615385,196014.660377358,73.1,-17.3,11100,13484,6864,2439,1188064,175829,258661
2020-06-12,539280,46836,3.44382353,651730,1731,203.557692308,197229.660377358,73.8,-16.6,10500,13600,6642,2462,1191010,174471,256995
2020-06-19,540722,45845,3.3125,653721,1991,347.461538462,198671.660377358,74.6,-15.8,11000,13840,6540,3157,1194443,174720,255322
2020-06-26,533527,45582,3.24820067,655413,1692,-8563.192307692,191476.660377358,75.5,-14.9,11000,14033,5969,3092,1188940,174127,256521
2020-07-03,539181,47788,3.330870565,656023,610,4403.307692308,204430.969325153,77.5,-12.9,11000,14347,7394,2387,1195204,177262,251682
2020-07-10,531688,48737,3.406038158,656149,126,-9035.096153846,196937.969325153,78.1,-12.3,11000,14309,5567,2543,1187837,176809,248535
2020-07-17,536580,50112,3.527523582,656147,-2,3434.076923077,201829.969325153,77.9,-12.5,11100,14206,5941,2993,1192727,177883,246733
2020-07-24,525969,51421,3.523192874,656147,0,-12371.365384615,191218.969325153,79.5,-10.9,11100,14595,5146,3211,1182116,178386,247387
2020-07-31,518596,51953,3.549429528,656141,-6,-9092.692307692,183845.969325153,79.6,-10.8,11000,14637,6010,2819,1174737,179977,247806
2020-08-07,514084,53289,3.635489153,653899,-2242,-6044.038461538,185285.670658683,81,-9.4,10700,14658,5621,3143,1167983,177655,247084
2020-08-14,512452,52682,3.636501691,651228,-2671,-3046.884615385,183653.670658683,80.9,-9.5,10700,14487,5730,2137,1163680,177807,243762
2020-08-21,507763,52403,3.56192224,649465,-1763,-6125.038461538,178964.670658683,82,-8.4,10800,14712,5916,3363,1157228,179195,239179
2020-08-28,498401,52513,3.786631093,648165,-1300,-10900.692307692,169602.670658683,76.7,-13.7,9700,13868,4900,3002,1146566,177520,234859
2020-09-04,500434,54351,4.253149699,647860,-305,582.596153846,176538.35625,71.8,-18.6,10000,12779,5423,2944,1148294,175845,231905
2020-09-11,496045,54277,4.024095492,645733,-2127,-6011.423076923,172149.35625,75.8,-14.6,10900,13488,5008,2595,1141778,179306,231524
2020-09-18,494406,54281,4.059910247,644952,-781,-3156.673076923,170510.35625,74.8,-15.6,10700,13370,5168,3022,1139358,175942,227499
2020-09-25,492426,56066,4.101389905,643151,-1801,-3419.76923077,168530.35625,75.8,-14.6,10700,13670,5122,3512,1135577,172758,228182
2020-10-02,492927,56536,4.08113766,642006,-1145,-841,167142.94011976,77.1,-13.3,11000,13853,5732,2659,1134933,171796,226747
2020-10-09,489109,59442,4.3781395,640847,-1159,-5113.346153846,163324.94011976,75.1,-15.3,10500,13577,5286,2135,1129956,164551,225121
2020-10-16,488107,60417,4.638185168,640081,-766,-2045.442307692,162322.94011976,72.9,-17.5,9900,13026,5118,3036,1128188,160719,227016
2020-10-23,492427,59995,4.481251867,639423,-658,3263.153846154,166642.94011976,74.6,-15.8,11100,13388,5664,3460,1131850,156228,226124
2020-10-30,484429,60931,4.496089138,639270,-153,-9028.26923077,158644.94011976,75.3,-15.1,10500,13552,5029,2265,1123699,154644,227665
2020-11-06,488706,60413,4.492674946,638706,-564,3553.01923077,156794.853658537,74.5,-15.9,10500,13447,5499,2765,1127412,149289,225356
2020-11-13,489475,61613,4.45148472,638301,-405,5.442307692,157563.853658537,77.4,-13,10900,13841,5254,2748,1127776,144073,227967
2020-11-20,488721,59892,4.199116595,638190,-111,-1505.826923077,156809.853658537,78.7,-11.7,11000,14263,5228,2831,1126911,142632,230147
2020-11-27,488042,59575,4.251712818,638190,0,-1386.096153846,156130.853658537,78.2,-12.2,11100,14012,5399,3456,1126232,145870,233638
2020-12-04,503231,58211,4.032349681,638085,-105,14401.576923077,175434.982142857,79.9,-10.5,11100,14436,6479,1834,1141316,151092,237859
2020-12-11,500096,58409,4.118240147,638086,1,-4198.711538462,172299.982142857,79.1,-11.3,11000,14183,5424,2627,1138182,151259,238879
2020-12-18,499534,58383,4.166048237,638085,-1,-1586.288461538,171737.982142857,78,-12.4,11000,14014,5564,3099,1137619,148934,237754
2020-12-25,493469,58410,4.08833205,638085,0,-7183.75,165672.982142857,79.4,-11,11000,14287,5326,3625,1131554,152029,236562
2021-01-01,485459,59202,4.118113523,638085,0,-9232.557692308,165500.987730061,80.7,-9.7,11000,14376,5369,3632,1123544,158419,241081
2021-01-08,482211,57227,3.906279863,638085,0,-4294.134615385,162252.987730061,82,-8.4,11000,14650,6239,3011,1120296,163205,245476
2021-01-15,486563,52500,3.55691057,638085,0,3319.307692308,166604.987730061,82.5,-7.9,11000,14760,6045,2251,1124648,163662,245217
2021-01-22,476653,50219,3.411385096,638086,1,-11034.173076923,156694.987730061,81.7,-8.7,10900,14721,5064,3355,1114739,162847,247686
2021-01-29,475659,48702,3.32641213,638086,0,-1859.365384615,155700.987730061,82.3,-8.1,10900,14641,6507,3483,1113745,162838,252153
2021-02-05,469014,48044,3.247752315,637921,-165,-7426.73076923,143329.295302013,83,-7.4,11000,14793,5857,2617,1106935,161106,256412
2021-02-12,461757,45016,3.037721844,637773,-148,-7767.5,136072.295302013,83.1,-7.3,10800,14819,5898,3862,1099530,157684,257084
2021-02-19,463042,47823,3.910302535,637773,0,922.038461538,137357.295302013,68.6,-21.8,9700,12230,4599,2314,1100815,152715,257096
2021-02-26,484605,48308,4.878117742,637773,0,21184.01923077,158920.295302013,56,-34.4,10000,9903,6292,2351,1122378,142996,243472
2021-03-05,498403,48834,3.967018684,637773,0,13019.423076923,164799.10909091,69,-21.4,10900,12310,5655,2633,1136176,137492,231603
2021-03-12,500799,48210,3.588922802,637773,0,1499.461538462,167195.10909091,76.1,-14.3,10900,13433,5323,2520,1138572,137747,232075
2021-03-19,502711,46275,3.215998332,637773,0,1006.961538462,169107.10909091,81.6,-8.8,11000,14389,5622,2481,1140484,141553,232279
2021-03-26,501835,47057,3.149521451,637773,0,-1786.596153846,168231.10909091,83.9,-6.5,11100,14941,6145,3174,1139608,144095,230544
2021-04-02,498313,46322,3.079101303,637773,0,-4149.73076923,157944.592356688,84,-6.4,10900,15044,6264,3434,1136086,145547,234588
2021-04-09,492423,46668,3.100657764,636667,-1106,-6158.134615385,152054.592356688,85,-5.4,11000,15051,5852,2579,1129090,143464,234897
2021-04-16,493017,45350,3.07145276,635924,-743,809.288461538,152648.592356688,85,-5.4,11000,14765,5405,2548,1128941,142391,234982
2021-04-23,493107,46072,3.067785324,634475,-1449,582.75,152738.592356688,85.4,-5,10900,15018,6616,2541,1127582,139049,235074
2021-04-30,485117,46326,3.039165519,633427,-1048,-7326.076923077,144748.592356688,86.5,-3.9,10900,15243,5451,4122,1118544,136153,235811
2021-05-07,484691,45905,3.056258322,632028,-1399,479.846153846,140786.265432099,86.1,-4.3,11000,15020,5488,1796,1116719,134419,236189
2021-05-14,486011,45763,3.027454353,630127,-1901,2219.711538462,142106.265432099,86.3,-4.1,11000,15116,6411,3306,1116138,132095,234226
2021-05-21,484349,44755,2.936872498,628481,-1646,-883.48076923,140444.265432099,87,-3.4,11000,15239,6273,3433,1112830,129082,232481
2021-05-28,479270,45539,2.919728153,627833,-648,-4116.057692308,135365.265432099,88.7,-1.7,10800,15597,5631,2544,1107103,132802,233980
2021-06-04,474029,45704,2.869952904,626484,-1349,-4220.326923077,131978.660377358,91.3,0.9,11000,15925,6638,2931,1100513,137214,241026
2021-06-11,466674,43554,2.665972945,625593,-891,-6123.538461538,124623.660377358,92.6,2.2,11200,16337,6746,3884,1092267,136191,242980
2021-06-18,459060,41721,2.589436445,623888,-1705,-6217.73076923,117009.660377358,92.2,1.8,11100,16112,6943,3651,1082948,137945,240050
2021-06-25,452342,40261,2.470151543,622487,-1401,-5147.576923077,110291.660377358,92.9,2.5,11100,16299,6406,3717,1074829,137076,241572
2021-07-02,445476,39647,2.460254421,621304,-1183,-5304.75,110725.969325153,92.2,1.8,11300,16115,5875,2628,1066780,138692,235497
2021-07-09,437580,38058,2.36487914,621304,0,-6093.98076923,102829.969325153,91.8,1.4,11400,16093,6221,4025,1058884,142349,236535
2021-07-16,439687,36711,2.293434123,621304,0,3916.76923077,104936.969325153,91.4,1,11400,16007,7097,2463,1060991,141000,236414
2021-07-23,435598,35443,2.232629921,621304,0,-2225.673076923,100847.969325153,91.1,0.7,11200,15875,6507,2489,1056902,137912,234161
2021-07-30,439225,34900,2.192211055,621304,0,5364.903846154,104474.969325153,91.3,0.9,11200,15920,6432,1904,1060529,138744,228870
2021-08-06,438777,34575,2.134654566,621304,0,1078.365384615,109978.670658683,91.8,1.4,11300,16197,6396,2663,1060081,140511,227469
2021-08-13,435544,33595,2.098900412,621302,-2,-1784.788461538,106745.670658683,92.2,1.8,11400,16006,6350,3431,1056846,137814,228165
2021-08-20,432564,33665,2.094636635,621302,0,-1501,103765.670658683,92.4,2,11400,16072,6157,2812,1053866,138459,225924
2021-08-27,425395,34501,2.164700715,621302,0,-5722.865384615,96596.670658683,91.3,0.9,11500,15938,6340,3040,1046697,136727,227214
2021-09-03,423867,36419,2.546427073,621302,0,-124.038461538,99971.35625,81.9,-8.5,10000,14302,5810,2342,1045169,133586,219999
2021-09-10,417445,35316,2.454716063,620773,-529,-4949.557692308,93549.35625,82.1,-8.3,10100,14387,5761,2624,1038218,131897,218142
2021-09-17,413964,33840,2.204991203,619569,-1204,-1969.461538462,90068.35625,87.5,-2.9,10600,15347,6465,2809,1033533,129343,221616
2021-09-24,418542,33971,2.203762569,618689,-880,6124.961538462,94646.35625,88.1,-2.3,11100,15415,6552,3020,1037231,129727,221809
2021-10-01,420887,35519,2.256034045,617770,-919,3765.846153846,95102.94011976,89.6,-0.8,11300,15744,7035,2114,1038657,129331,225065
2021-10-08,426975,33551,2.227674125,616970,-800,7473.384615385,101190.94011976,86.7,-3.7,11400,15061,5994,2514,1043945,129307,223107
2021-10-15,426544,31231,2.083455637,615276,-1694,763.884615385,100759.94011976,84.7,-5.7,11300,14990,5825,3060,1041820,125394,217739
2021-10-22,430812,27332,1.816321106,614186,-1090,5451.903846154,105027.94011976,85.1,-5.3,11300,15048,6254,2787,1044998,124962,215746
2021-10-29,434102,26416,1.758370499,612541,-1645,4474.903846154,108317.94011976,86.3,-4.1,11500,15023,6172,2925,1046643,127122,214258
2021-11-05,435104,26382,1.716907458,609396,-3145,1969.826923077,103192.853658537,86.7,-3.7,11500,15366,6108,3053,1044500,124509,212703
2021-11-12,433003,26598,1.72747938,606147,-3249,-1070.192307692,101091.853658537,87.9,-2.5,11400,15397,6191,3626,1039150,123685,211996
2021-11-19,434020,27385,1.75095908,604505,-1642,2103,102108.853658537,88.6,-1.8,11500,15640,6436,2605,1038525,121717,211393
2021-11-26,433111,28544,1.826114772,602556,-1949,142.942307692,101199.853658537,88.8,-1.6,11600,15631,6604,2704,1035667,123877,215422
2021-12-03,432870,30917,1.958631612,600867,-1689,815.365384615,105073.982142857,89.8,-0.6,11700,15785,6499,2270,1033737,126610,219304
2021-12-10,428286,32211,2.055583918,598917,-1950,-3230.903846154,100489.982142857,89.8,-0.6,11700,15670,6471,3645,1027203,123758,218585
2021-12-17,423571,33674,2.128840561,596381,-2536,-3334.038461538,95774.982142857,89.6,-0.8,11600,15818,6194,2879,1019952,124154,224118
2021-12-24,419995,34729,2.211615615,595028,-1353,-2115.173076923,92198.982142857,89.7,-0.7,11800,15703,6759,2929,1015023,122428,222659
2021-12-31,417851,37306,2.351169093,593682,-1346,-731.038461538,90054.982142857,89.8,-0.6,11800,15867,5884,2554,1011533,126846,232787
2022-01-07,413298,34838,2.237076992,593382,-300,-3252.846153846,93339.987730061,88.4,-2,11700,15573,6069,1955,1006680,129383,240748
2022-01-14,413813,33524,2.169416942,592034,-1348,1840.25,93854.987730061,88.1,-2.3,11700,15453,6745,2610,1005847,127952,246621
2022-01-21,416190,31701,2.045621733,590782,-1252,3776.038461538,96231.987730061,87.7,-2.7,11600,15497,6236,2796,1006972,125154,247918
2022-01-28,415143,30528,2.002098636,588912,-1870,115.75,95184.987730061,86.7,-3.7,11500,15248,7085,2376,1004055,122744,250037
2022-02-04,410387,27727,1.779996148,587515,-1397,-3592.23076923,84702.295302013,88.2,-2.2,11600,15577,6389,3100,997902,121814,248393
2022-02-11,411508,25827,1.73312307,584828,-2687,2248.442307692,85823.295302013,85.3,-5.1,11600,14902,5790,2271,996336,120262,247061
2022-02-18,416022,23778,1.559622196,582384,-2444,5480.326923077,90337.295302013,87.4,-3,11600,15246,6828,2686,998406,119678,246479
2022-02-25,413425,22806,1.481101442,580020,-2364,-1692.76923077,87740.295302013,87.7,-2.7,11600,15398,5767,3796,993445,119104,246011
2022-03-04,411562,22221,1.445080315,577496,-2524,-494.153846154,77958.10909091,89.3,-1.1,11600,15377,6319,2422,989058,113874,244606
2022-03-11,415907,24007,1.538811615,575513,-1983,6015.01923077,82303.10909091,90.4,0,11600,15601,6395,2936,991420,114206,240991
2022-03-18,413399,25242,1.58974682,571323,-4190,-875.461538462,79795.10909091,91.1,0.7,11600,15878,6486,3844,984722,112135,238043
2022-03-25,409950,24233,1.522842959,568322,-3001,-1731.461538462,76346.10909091,92.1,1.7,11700,15913,6259,2988,978272,113530,238828
2022-04-01,412371,25887,1.623212942,564580,-3742,4188.01923077,72002.592356688,92.5,2.1,11800,15948,6300,3693,976951,114301,236787
2022-04-08,421753,26337,1.69664369,560681,-3899,11034.73076923,81384.592356688,90,-0.4,11800,15523,5995,2180,982434,111399,233139
2022-04-15,413733,26152,1.663930776,555980,-4701,-6660.961538462,73364.592356688,91,0.6,11900,15717,5837,4270,969713,108735,232378
2022-04-22,414424,27450,1.750191278,553070,-2910,2215.692307692,74055.592356688,90.3,-0.1,11900,15684,5934,3721,967494,107286,230805
2022-04-29,415727,28829,1.864024311,549985,-3085,2816.134615385,75358.592356688,88.4,-2,11900,15466,6332,3574,965712,104942,228575
2022-05-06,424214,28242,1.799311927,542994,-6991,9821.423076923,80309.265432099,90,-0.4,11800,15696,6269,2879,967208,104029,224968
2022-05-13,420820,25839,1.621524945,537984,-5010,-2230.98076923,76915.265432099,91.8,1.4,11900,15935,6568,3520,958804,105264,220189
2022-05-20,419801,24778,1.52301924,532013,-5971,234.673076923,75896.265432099,93.2,2.8,11900,16269,6486,4341,951814,106921,219707
2022-05-27,414733,25034,1.561404603,526592,-5421,-3826.692307692,70828.265432099,92.6,2.2,11900,16033,6218,3990,941325,106392,218996
2022-06-03,416758,23441,1.430463172,519323,-7269,3266.096153846,74707.660377358,94.2,3.8,11900,16387,6154,2232,936081,108984,218184
2022-06-10,418714,22615,1.38572304,511612,-7711,3057.365384615,76663.660377358,93.7,3.3,12000,16320,6985,3725,930326,109709,217474
2022-06-17,418328,22043,1.355407981,504818,-6794,536.307692308,76277.660377358,94,3.6,12000,16263,6226,3572,923146,109842,218963
2022-06-24,415566,21261,1.275711028,497868,-6950,-1978.692307692,73515.660377358,95,4.6,12100,16666,5998,3380,913434,112401,221608
2022-07-01,423800,21330,1.297603115,492028,-5840,8941.23076923,89049.969325153,94.5,4.1,12100,16438,6839,2612,915828,111135,219112
2022-07-08,427054,21646,1.300841346,485147,-6881,3670.846153846,92303.969325153,94.9,4.5,12000,16640,6675,3024,912201,113803,224937
2022-07-15,426609,22789,1.396470372,480149,-4998,-242.576923077,91858.969325153,93.7,3.3,11900,16319,6519,3759,906758,112508,228435
2022-07-22,422086,23540,1.468771448,474545,-5604,-4271.5,87335.969325153,92.2,1.8,12100,16027,6164,4548,896631,111724,225131
2022-07-29,426553,24466,1.543304106,469855,-4690,4726.846153846,91802.969325153,91,0.6,12100,15853,7342,3512,896408,109324,225294
2022-08-05,432010,25189,1.519148423,464558,-5297,5700.692307692,103211.670658683,94.3,3.9,12200,16581,6171,2110,896568,111490,220316
2022-08-12,424954,25381,1.545454545,461156,-3402,-6925.865384615,96155.670658683,93.5,3.1,12100,16423,6132,5000,886110,112256,215674
2022-08-19,421672,25807,1.587634574,453065,-8091,-3078.346153846,92873.670658683,93.8,3.4,12000,16255,6171,4177,874737,111594,215647
2022-08-26,418346,25284,1.557088311,449998,-3067,-3116.538461538,89547.670658683,92.7,2.3,12100,16238,5956,3967,868344,111706,214475
2022-09-02,427191,24783,1.555841547,442471,-7527,8980.557692308,103295.35625,90.9,0.5,12100,15929,6779,3433,869662,111801,214808
2022-09-09,429633,24648,1.538384721,434057,-8414,2378.076923077,105737.35625,91.5,1.1,12100,16022,5792,3515,863690,116020,213040
2022-09-16,430774,24991,1.52803424,427158,-6899,906.615384615,106878.35625,93.6,3.2,12100,16355,6947,3540,857932,117250,214610
2022-09-23,430559,25683,1.630563139,422583,-4575,-538.26923077,106663.35625,90.6,0.2,12000,15751,6449,4646,853142,114359,212188
2022-09-30,429203,25956,1.626213896,416389,-6194,-1587.096153846,105307.35625,91.3,0.9,12000,15961,5947,4551,845592,110916,207460
2022-10-07,439082,25647,1.635337627,408699,-7690,9719.076923077,113297.94011976,89.9,-0.5,11900,15683,6063,2872,847781,106063,209482
2022-10-14,437357,26230,1.68681672,405135,-3564,-1957.826923077,111572.94011976,89.5,-0.9,12000,15550,5908,4138,842492,106187,209368
2022-10-21,439945,26897,1.7424851,401718,-3417,2380.057692308,114160.94011976,88.9,-1.5,12000,15436,6180,5129,841663,106357,207890
2022-10-28,436830,28164,1.777805833,399792,-1926,-3290.634615385,111045.94011976,90.6,0.2,11900,15842,6205,3925,836622,106784,206633
2022-11-04,440755,27241,1.693144384,396219,-3573,3872.538461538,108843.853658537,92.1,1.7,12100,16089,6454,3521,836974,106263,205733
2022-11-11,435355,25617,1.585995542,392119,-4100,-5508.673076923,103443.853658537,92.9,2.5,12100,16152,5559,3862,827474,107383,207940
2022-11-18,431665,24730,1.507007922,390518,-1601,-3735.23076923,99753.853658537,93.9,3.5,12100,16410,7063,4242,822183,109101,210998
2022-11-25,419084,24315,1.461413631,389116,-1402,-12535.711538462,87172.853658537,95.2,4.8,12100,16638,6037,4948,808200,112648,213768
2022-12-02,413898,23942,1.443593609,387019,-2097,-4916.25,86101.982142857,95.5,5.1,12200,16585,6012,3430,800917,118807,219087
2022-12-09,424129,24368,1.511100087,382271,-4748,10595.846153846,96332.982142857,92.2,1.8,12100,16126,6867,4316,806400,120171,223583
2022-12-16,418234,25221,1.57868052,378624,-3647,-5815.057692308,90437.982142857,90.9,0.5,12100,15976,5819,4360,796858,119929,226113
2022-12-23,418952,25026,1.54969348,375128,-3496,820.634615385,91155.982142857,92,1.6,12000,16149,6252,3465,794080,120212,223008
2022-12-30,420646,25270,1.828509407,372380,-2748,1714.057692308,92849.982142857,79.6,-10.8,12100,13820,5712,4207,793026,118785,222662
2023-01-06,439607,27781,1.89618456,371580,-800,18907.25,119648.987730061,84.1,-6.3,12200,14651,6350,2137,811187,117716,226776
2023-01-13,448015,31427,2.115868848,371579,-1,7902.057692308,128056.987730061,85.3,-5.1,12200,14853,6861,3872,819594,115777,230259
2023-01-20,448548,35694,2.382617983,371579,0,-124.73076923,128589.987730061,86.1,-4.3,12200,14981,5905,4707,820127,115270,232022
2023-01-27,452688,38009,2.540538734,371579,0,3517.73076923,132729.987730061,85.7,-4.7,12200,14961,7283,3492,824267,117590,234598
2023-02-03,455111,39052,2.534198572,371579,0,1700.98076923,129426.295302013,87.9,-2.5,12300,15410,7058,2900,826690,120522,239606
2023-02-10,471394,39711,2.642643242,371579,0,15422.923076923,145709.295302013,86.5,-3.9,12300,15027,6232,3146,842973,119237,241922
2023-02-17,479041,40411,2.692271819,371579,0,6495.346153846,153356.295302013,85.9,-4.5,12300,15010,6326,4597,850620,121935,240066
2023-02-24,480207,40718,2.718339008,371579,0,-45.903846154,154522.295302013,85.8,-4.6,12300,14979,6208,5629,851786,122114,239192
2023-03-03,478513,39828,2.66105432,371579,0,-2978.26923077,144909.10909091,86,-4.4,12200,14967,6271,3362,850092,122252,238058
2023-03-10,480063,37912,2.46213794,371579,0,262.48076923,146459.10909091,88.2,-2.2,12200,15398,6216,5027,851642,119715,235997
2023-03-17,481180,36849,2.396527055,371579,0,-116.76923077,147576.10909091,88.6,-1.8,12300,15376,6172,4932,852759,116402,229598
2023-03-24,473691,35217,2.227091633,371579,0,-8792.48076923,140087.10909091,90.3,-0.1,12200,15813,5325,4584,845270,116683,226694
2023-03-31,469952,34247,2.193211655,371175,-404,-4964.788461538,136348.10909091,89.6,-0.8,12200,15615,7144,5239,841127,113051,222575
2023-04-07,470549,33838,2.171190247,369575,-1600,-510.326923077,130180.592356688,89.3,-1.1,12300,15585,6193,2727,840124,112445,222245
2023-04-14,465968,32750,2.067028528,367963,-1612,-5519.384615385,125599.592356688,91,0.6,12300,15844,6294,4571,833931,112090,223544
2023-04-21,460914,33069,2.088612392,366942,-1021,-6058.51923077,120545.592356688,91.3,0.9,12200,15833,6376,4819,827856,111513,221136
2023-04-28,459633,33610,2.136002542,364938,-2004,-2175.038461538,119264.592356688,90.7,0.3,12300,15735,6396,4737,824571,110323,222878
2023-05-05,462584,34007,2.159860273,362014,-2924,2106.653846154,118679.265432099,91,0.6,12300,15745,5553,2876,824598,106153,219711
2023-05-12,467624,35468,2.218136335,359586,-2428,4302.115384615,123719.265432099,92,1.6,12200,15990,6860,4310,827210,106233,218330
2023-05-19,455168,37230,2.31688344,357954,-1632,-13356.076923077,111263.265432099,91.7,1.3,12300,16069,5850,4549,813122,105672,216277
2023-05-26,459657,38858,2.403835447,355436,-2518,3808.865384615,115752.265432099,93.1,2.7,12200,16165,7217,4915,815093,106657,216070
2023-06-02,459205,40579,2.437616387,353569,-1867,-1315.923076923,117154.660377358,95.8,5.4,12400,16647,6400,2475,812774,111731,218815
2023-06-09,467124,42133,2.54027493,351687,-1882,7102.711538462,125073.660377358,93.7,3.3,12400,16586,6381,3270,818811,113854,220923
2023-06-16,463293,42035,2.55221615,349968,-1719,-4761.961538462,121242.660377358,93.1,2.7,12200,16470,6161,4543,813261,114288,221402
2023-06-23,453690,43244,2.660514335,348617,-1351,-10467.711538462,111639.660377358,92.2,1.8,12200,16254,6580,5338,802307,114411,222005
2023-06-30,452182,42844,2.672738615,347159,-1458,-2241.153846154,110131.660377358,91.1,0.7,12400,16030,7038,3901,799341,113366,219456
2023-07-07,458128,41239,2.47547872,346758,-401,5400.192307692,123377.969325153,93.7,3.3,12300,16659,5880,2144,804886,118181,219452
2023-07-14,457420,38348,2.312209828,346759,1,-1305.576923077,122669.969325153,94.3,3.9,12300,16585,7174,3814,804179,118194,218386
2023-07-21,456820,35739,2.168891856,346759,0,-1192.51923077,122069.969325153,93.4,3,12200,16478,6367,4591,803579,117949,217600
2023-07-28,439771,34480,2.087546165,346759,0,-17716.961538462,105020.969325153,92.7,2.3,12200,16517,6668,5283,786530,117153,219081
2023-08-04,445622,34639,2.089329875,347754,995,5596.807692308,116823.670658683,93.8,3.4,12600,16579,6682,2360,793376,115447,216420
2023-08-11,439662,33802,2.018511883,348354,600,-6221.76923077,110863.670658683,94.7,4.3,12700,16746,7158,4599,788016,115743,216158
2023-08-18,433528,30669,1.828147353,348948,594,-6416.846153846,104729.670658683,94.5,4.1,12800,16776,6933,4258,782476,116688,217626
2023-08-25,422944,29165,1.756610251,349542,594,-10812,94145.670658683,93.3,2.9,12800,16603,6617,4528,772486,117923,217412
2023-09-01,416637,27415,1.649220959,350340,798,-6395.423076923,92741.35625,93.1,2.7,12800,16623,6770,4932,766977,118602,214746
2023-09-08,420592,24965,1.486011905,350630,290,4157.961538462,96696.35625,93.7,3.3,12900,16800,7582,3090,771222,122533,220307
2023-09-15,418456,22901,1.404624632,351230,600,-1962.134615385,94560.35625,91.9,1.5,12900,16304,6517,5067,769686,119666,219476
2023-09-22,416287,21958,1.366822284,350980,-250,-1932.115384615,92391.35625,89.5,-0.9,12900,16065,7229,4012,767267,120064,220503
2023-09-29,414063,22090,1.415844123,351280,300,-1949.538461538,90167.35625,87.3,-3.1,12900,15602,6215,4956,765343,118795,226984
2023-10-06,424239,21771,1.432019996,351274,-6,10467.153846154,98454.94011976,85.7,-4.7,13200,15203,6329,3067,775513,116958,225671
2023-10-13,419748,21013,1.364835022,351274,0,-4205.557692308,93963.94011976,86.1,-4.3,13200,15396,5942,5301,771022,113773,223301
2023-10-20,421120,21226,1.397458687,351274,0,1710.634615385,95335.94011976,85.6,-4.8,13200,15189,6013,4833,772394,112087,223457
2023-10-27,421893,21498,1.409612484,351274,0,1135.01923077,96108.94011976,85.4,-5,13200,15251,6425,4897,773167,111295,223522
2023-11-03,435762,23085,1.515260912,351274,0,14156.25,103850.853658537,85.2,-5.2,13200,15235,6394,4525,787036,108001,217210
2023-11-10,439354,25010,1.624131437,351274,0,3688.01923077,107442.853658537,86.1,-4.3,13200,15399,6373,4889,790628,106579,215670
2023-11-17,448054,25868,1.668472652,351274,0,8623.096153846,116142.853658537,87,-3.4,13200,15504,6529,4786,799328,105561,216420
2023-11-24,449664,27722,1.730245912,351587,313,1294.826923077,117752.853658537,89.8,-0.6,13200,16022,5833,4755,801251,110778,218184
2023-12-01,445031,29551,1.824023208,351917,330,-5221.076923077,117234.982142857,90.5,0.1,13100,16201,7508,4339,796948,112045,223604
2023-12-08,440773,30779,1.912095422,351911,-6,-4856.711538462,112976.982142857,90.2,-0.2,13100,16097,6517,3771,792684,113539,224013
2023-12-15,443682,32465,1.967575758,352540,629,2588.923076923,115885.982142857,92.4,2,13300,16500,6750,4121,796222,115024,226723
2023-12-22,436568,33973,2.051757459,353333,793,-7603.384615385,108771.982142857,93.3,2.9,13300,16558,6276,3915,789901,115765,226054
2023-12-29,431065,34679,2.07920139,354388,1055,-5841.76923077,103268.982142857,93.5,3.1,13200,16679,6895,5292,785453,125855,236954
2024-01-05,432403,34173,2.068834,354994,606,1137.634615385,112444.987730061,92.9,2.5,13200,16518,6241,3322,787397,132383,244982
2024-01-12,429911,32074,1.926019336,355590,596,-2353.461538462,109952.987730061,92.6,2.2,13300,16653,7420,5029,785501,134753,248065
2024-01-19,420678,30066,1.968185389,356510,920,-8884.846153846,100719.987730061,85.5,-4.9,12300,15276,5580,4434,777188,133336,252977
2024-01-26,421912,28094,1.892106681,357402,892,1769.961538462,101953.987730061,82.9,-7.5,13000,14848,5605,3894,779314,130795,254134
2024-02-02,427432,28061,1.890902965,358017,615,6111.846153846,101747.295302013,82.4,-8,13300,14840,6907,3596,785449,127574,250988
2024-02-09,439450,28771,1.978476138,358763,746,12550.288461538,113765.295302013,80.6,-9.8,13300,14542,6470,4347,798213,125659,247330
2024-02-16,442964,29512,2.024975985,359511,748,4128.307692308,117279.295302013,80.6,-9.8,13300,14574,6654,4965,802475,121651,247037
2024-02-23,447163,30970,2.110535641,360254,743,4892.788461538,121478.295302013,81.5,-8.9,13300,14674,6385,4728,807417,121141,244205
2024-03-01,448530,31671,2.074338486,360960,706,2002.461538462,114926.10909091,84.9,-5.5,13200,15268,7222,4637,809490,117010,239745
2024-03-08,446994,31451,2.00862179,361556,596,-959.403846154,113390.10909091,86.8,-3.6,13100,15658,5491,3147,808550,117898,234083
2024-03-15,445042,31433,1.991320874,362306,750,-1316.057692308,111438.10909091,87.8,-2.6,13100,15785,6278,4881,807348,118522,230773
2024-03-22,448207,33540,2.105197088,363050,744,3859.961538462,114603.10909091,88.7,-1.7,13100,15932,6702,4181,811257,117337,232072
2024-03-29,451417,33163,2.086116877,363641,591,3700.076923077,117813.10909091,88.6,-1.8,13100,15897,6618,4022,815058,116069,227816
2024-04-05,457258,32993,2.090546192,364236,595,6197.442307692,116889.592356688,88.3,-2.1,13100,15782,6434,2708,821494,117728,228531
2024-04-12,459993,33026,2.075410042,364884,648,2990.596153846,119624.592356688,88.1,-2.3,13100,15913,6461,4726,824877,114968,227377
2024-04-19,453625,32367,2.039380001,365677,793,-6253.096153846,113256.592356688,88.5,-1.9,13100,15871,6497,5179,819302,116582,226743
2024-04-26,460890,33456,2.13899367,366271,594,7405.173076923,120521.592356688,87.5,-2.9,13100,15641,6772,3918,827161,115850,227087
2024-05-03,459528,35336,2.215701028,367218,947,-1386.173076923,115623.265432099,88.5,-1.9,13100,15948,6969,4468,826746,116410,228002
2024-05-10,457020,34995,2.152876038,367811,593,-2449.23076923,113115.265432099,90.4,0,13100,16255,6744,4135,824831,116365,227767
2024-05-17,458845,36320,2.203616066,368804,993,2028.923076923,114940.265432099,91.7,1.3,13100,16482,6663,4730,827649,116744,226822
2024-05-24,454689,34554,2.022712638,369289,485,-4226.711538462,110784.265432099,94.3,3.9,13100,17083,6769,4225,823978,119288,228844
2024-05-31,455922,35408,2.065328978,370187,898,1328.538461538,112017.265432099,95.4,5,13100,17144,7058,4501,826109,122485,230946
2024-06-07,459652,33815,1.983633484,370526,339,3793.134615385,117601.660377358,95,4.6,13200,17047,8304,3188,830178,123366,233512
2024-06-14,457105,34122,2.035311661,370912,386,-2403.307692308,115054.660377358,93.5,3.1,13200,16765,7054,4418,828017,121640,231232
2024-06-21,460696,33896,2.05032664,372197,1285,3710,118645.660377358,92.2,1.8,13200,16532,6611,3910,832893,121263,233886
2024-06-28,448539,34241,2.039125774,372595,398,-12291.73076923,106488.660377358,93.5,3.1,13200,16792,6547,4401,821134,119728,231672
2024-07-05,445096,33539,1.960313285,373072,477,-3372.942307692,110345.969325153,95.4,5,13300,17109,6760,3999,818168,124612,229666
2024-07-12,440226,32664,1.92958412,373722,650,-4619.384615385,105475.969325153,93.7,3.3,13300,16928,7037,3964,813948,128066,232994
2024-07-19,436485,30956,1.886755653,374412,690,-3410.346153846,101734.969325153,91.6,1.2,13300,16407,6871,4186,810897,125313,227422
2024-07-26,433049,29850,1.848297214,375097,685,-3044.942307692,98298.969325153,90.1,-0.3,13300,16150,6953,4919,808146,126847,223757
2024-08-02,429321,30429,1.855200585,375833,736,-3598.73076923,100522.670658683,90.5,0.1,13400,16402,6224,3638,805154,127796,225097
2024-08-09,430678,28764,1.74676626,376527,694,1670.48076923,101879.670658683,91.5,1.1,13300,16467,6285,3756,807205,126123,222203
2024-08-16,426029,28204,1.689975433,377163,636,-4476.23076923,97230.670658683,92.3,1.9,13400,16689,6652,4045,803192,122811,220597
2024-08-23,425183,27536,1.632827324,377908,745,-701.788461538,96384.670658683,93.3,2.9,13300,16864,6560,3671,803091,123086,218394
2024-08-30,418310,26394,1.561775148,379672,1764,-6916.057692308,89511.670658683,93.3,2.9,13300,16900,5792,3756,797982,122715,219242
2024-09-06,419143,24690,1.47323826,379951,279,800.826923077,95247.35625,92.8,2.4,13300,16759,6867,3305,799094,125023,221552
2024-09-13,417513,22711,1.378345573,380606,655,-1602.134615385,93617.35625,92.1,1.7,13200,16477,6322,4589,798119,125148,221621
2024-09-20,413042,22827,1.395890662,381893,1287,-4452.865384615,89146.35625,90.9,0.5,13200,16353,6456,3897,794935,122921,220083
2024-09-27,416931,23667,1.50831687,382553,660,3951.403846154,93035.35625,87.6,-2.8,13300,15691,6628,3878,799484,121637,221202
2024-10-04,422741,24914,1.59807569,382930,377,5754.846153846,96956.94011976,86.7,-3.7,13400,15590,6239,3794,805671,118513,214898
2024-10-11,420550,25022,1.588194224,383882,952,-2162.192307692,94765.94011976,87.7,-2.7,13500,15755,5529,4123,804432,114979,212697
2024-10-18,426024,24676,1.534195474,384642,760,5458.576923077,100239.94011976,89.5,-0.9,13500,16084,6431,4112,810666,113839,213575
2024-10-25,425509,25357,1.57958014,385831,1189,-609.307692308,99724.94011976,89.1,-1.3,13500,16053,5975,4261,811340,112862,210868
2024-11-01,427658,25879,1.584363904,387223,1392,2079.461538462,95746.853658537,90.5,0.1,13500,16334,6240,2850,814881,115809,211280
2024-11-08,429747,25191,1.525894966,387790,567,2244.846153846,97835.853658537,91.4,1,13400,16509,6509,3440,817537,114415,206873
2024-11-15,430292,25051,1.543689919,389190,1400,729.75,98380.853658537,90.2,-0.2,13201,16228,7684,4378,819482,114301,208927
2024-11-22,428448,24142,1.48155876,390362,1172,-1502.423076923,96536.853658537,90.5,0.1,13493,16295,6083,4663,818810,114717,212241
2024-11-29,423375,24192,1.430632762,391807,1445,-4665,91463.853658537,93.3,2.9,13513,16910,7290,4235,815182,118100,214603
2024-12-06,421950,22894,1.374272165,392531,724,-1008.538461538,94153.982142857,92.4,2,13631,16659,5984,3099,814481,121335,219689
2024-12-13,421016,23002,1.384745048,393050,519,-572.01923077,93219.982142857,91.8,1.4,13604,16611,6649,4895,814066,118155,222037
2024-12-20,416779,22682,1.348834443,393310,260,-3801.115384615,88982.982142857,92.5,2.1,13585,16816,6471,3722,810089,116461,223667
2024-12-27,415601,22540,1.337129976,393570,260,-797.442307692,87804.982142857,92.7,2.3,13573,16857,6926,3854,809171,122867,231384
2025-01-03,414642,20038,1.185540173,393817,247,-661.615384615,94683.987730061,93.3,2.9,13563,16902,6428,3078,808459,128938,237714
2025-01-10,412680,20803,1.249654592,394317,500,-1620.442307692,92721.987730061,91.7,1.3,13481,16647,6124,4078,806997,132015,243566
2025-01-17,411663,20655,1.330691921,394566,249,-685.634615385,91704.987730061,85.9,-4.5,13477,15522,6745,4515,806229,128945,245898
2025-01-24,415126,20981,1.381328593,394814,248,3636.365384615,95167.987730061,83.5,-6.9,13240,15189,6448,3686,809940,123951,248855
2025-01-31,423790,20947,1.364714314,395064,250,8794.5,103831.987730061,84.5,-5.9,13478,15349,6915,4331,818854,118480,251088
2025-02-07,427860,21819,1.413971875,395313,249,4140.038461538,102175.295302013,85,-5.4,13494,15431,6309,3909,823173,118615,248053
2025-02-14,432493,23291,1.5108329,395313,0,4855.884615385,106808.295302013,84.9,-5.5,13497,15416,5820,4381,827806,116564,247902
2025-02-21,430161,24573,1.56187631,395313,0,-2130.634615385,104476.295302013,86.5,-3.9,13502,15733,5919,4188,825474,120472,248271
2025-02-28,433775,25697,1.670046143,395313,0,3940.961538462,108090.295302013,85.9,-4.5,13508,15387,5813,4136,829088,119154,246838
2025-03-07,435223,24469,1.557741278,395588,275,1731.75,101619.10909091,86.5,-3.9,13575,15708,5470,3290,830811,117595,241101
2025-03-14,436968,23460,1.497797357,395863,275,1971.365384615,103364.10909091,86.9,-3.5,13573,15663,5385,4644,832831,114783,240574
2025-03-21,433627,22705,1.441587302,396149,286,-3185.73076923,100023.10909091,87,-3.4,13574,15750,6195,4609,829776,114362,239128
2025-03-28,439792,25078,1.611903844,396434,285,6445.384615385,106188.10909091,86,-4.4,13580,15558,6466,3881,836226,114626,237577
2025-04-04,442345,25759,1.64836501,396710,276,2776.557692308,101976.592356688,86.7,-3.7,13458,15627,6189,3244,839055,111082,235977
2025-04-11,442860,25105,1.61301722,397009,299,801.788461538,102491.592356688,86.3,-4.1,13462,15564,6001,5100,839869,109231,234019
2025-04-18,443104,25019,1.574611366,397477,468,573.48076923,102735.592356688,88.1,-2.3,13460,15889,5589,3549,840581,106878,229543
2025-04-25,440408,25701,1.598519716,398542,1065,-2493.673076923,100039.592356688,88.6,-1.8,13465,16078,5498,4121,838950,107815,225540
2025-05-02,438376,24961,1.553170307,399122,580,-1638.115384615,94471.265432099,89,-1.4,13367,16071,6056,4006,837498,106708,225728
2025-05-09,441830,23892,1.456740443,399650,528,3860.76923077,97925.265432099,90.2,-0.2,13387,16401,5841,3369,841480,103553,224706
2025-05-16,443158,23435,1.421164342,400493,843,1620.115384615,99253.265432099,90.7,0.3,13392,16490,6089,3507,843651,104132,225522
2025-05-23,440363,23510,1.439857913,401313,820,-2493.326923077,96458.265432099,90.2,-0.2,13401,16328,6351,4301,841676,103408,223081
2025-05-30,436059,24086,1.416990234,401822,509,-4028.5,92154.265432099,93.4,3,13408,16998,6346,3907,837881,107638,228300
2025-06-06,432415,23683,1.374840358,402059,237,-3262.01923077,90364.660377358,94.3,3.9,13428,17226,6176,3286,834474,108884,229804
2025-06-13,420942,22688,1.345510616,402289,230,-10949.211538462,78891.660377358,93.2,2.8,13431,16862,5504,4361,823231,109398,230013
2025-06-20,415106,22224,1.308294578,402526,237,-5140.557692308,73055.660377358,94.7,4.3,13435,16987,5944,4270,817632,105332,227938
2025-06-27,418951,20731,1.2119848,402765,239,4721.73076923,76900.660377358,94.9,4.5,13433,17105,6919,2305,821716,103622,232126
2025-07-04,426021,21195,1.246324827,403003,238,7639,91270.969325153,94.7,4.3,13385,17006,6013,2757,829024,102797,229468
2025-07-11,422162,21408,1.270579856,402703,-300,-3492.173076923,87411.969325153,93.9,3.5,13375,16849,6379,3518,824865,106970,232867
2025-07-18,418993,21863,1.290918753,402503,-200,-2821.615384615,84242.969325153,95.5,5.1,13273,16936,5976,3855,821496,109901,231129
2025-07-25,426691,22553,1.333628999,402741,238,8034.384615385,91940.969325153,95.4,5,13314,16911,6136,2698,829432,113536,228405
2025-08-01,423662,23006,1.34349451,402976,235,-2906.73076923,94863.670658683,96.9,6.5,13284,17124,5962,3318,826638,112971,227082
2025-08-08,426698,23051,1.341734575,403202,226,3144.826923077,97899.670658683,96.4,6,13327,17180,6920,3577,829900,113685,226290
2025-08-15,420684,23470,1.363900511,403425,223,-5937.461538462,91885.670658683,96.6,6.2,13382,17208,6497,4372,824109,116028,223570
2025-08-22,418292,22632,1.340758294,404201,776,-2289.211538462,89493.670658683,94.6,4.2,13439,16880,6234,3810,822493,114242,222334
2025-08-29,420707,24222,1.435888316,404710,509,2547.51923077,91908.670658683,94.3,3.9,13423,16869,6742,3884,825417,115923,218539
2025-09-05,424646,23857,1.41853966,405224,514,3892.903846154,100750.35625,94.9,4.5,13495,16818,6271,2745,829870,120638,219997
2025-09-12,415361,23561,1.434547004,405728,504,-9390.826923077,91465.35625,93.3,2.9,13482,16424,5692,5277,821089,124684,217650
2025-09-19,414754,23738,1.44076232,405958,230,-565.615384615,90858.35625,93,2.6,13501,16476,6495,4484,820712,122999,216569
2025-09-26,416546,23467,1.451447303,406700,742,1759.076923077,92650.35625,91.4,1,13505,16168,5833,3751,823246,123577,220694
2025-10-03,420261,22704,1.393139842,406985,285,3722.403846154,94476.94011976,92.4,2,13629,16297,6403,3590,827246,121559,219093
2025-10-10,423785,22001,1.454130866,407745,760,3571.692307692,98000.94011976,85.7,-4.7,13636,15130,5525,4466,831530,117030,218826
2025-10-17,422824,21231,1.349713922,408564,819,-1023.211538462,97039.94011976,88.6,-1.8,13629,15730,5918,4203,831388,115551,216679
2025-10-24,415966,22565,1.482686116,409097,533,-6796.461538462,90181.94011976,86.6,-3.8,13644,15219,5051,4361,825063,112189,210738
2025-10-31,421168,22865,1.498754588,409595,498,5385.51923077,95383.94011976,86,-4.4,13651,15256,5924,4367,830763,111546,206009
2025-11-07,427581,22519,1.409816565,410393,798,6537.807692308,95669.853658537,89.4,-1,13862,15973,5222,2816,837974,110909,205064
2025-11-14,424155,21821,1.344319862,410926,533,-3384.346153846,92243.853658537,90,-0.4,13834,16232,5950,4158,835081,111080,207391
2025-11-21,426929,21753,1.322933771,411424,498,2892.01923077,95017.853658537,92.3,1.9,13814,16443,6436,3598,838353,112227,209904
2025-11-28,427503,21296,1.261910405,411674,250,603.211538462,95591.853658537,94.1,3.7,13815,16876,5981,3613,839177,114286,214422
2025-12-05,425691,21604,1.281376038,411922,248,-1891.384615385,97894.982142857,94.5,4.1,13853,16860,6589,4009,837613,116788,220819
2025-12-12,424417,20862,1.228043325,412171,249,-1345.942307692,96620.982142857,94.8,4.4,13843,16988,6525,4664,836588,118500,225627
2025-12-19,424822,21569,1.28570577,412971,800,339.596153846,97025.982142857,94.6,4.2,13825,16776,6086,3616,837793,118702,228489
2025-12-26,422888,22112,1.31251855,413219,248,-2088.673076923,95091.982142857,94.7,4.3,13827,16847,4953,3440,836107,123679,234334
2026-01-02,419056,22840,1.35075995,413464,245,-3972.134615385,99097.987730061,94.7,4.3,13811,16909,6339,4263,832520,129273,242036
2026-01-09,422447,23585,1.390789008,413678,214,3306.115384615,102488.987730061,95.3,4.9,13753,16958,7092,4306,836125,129244,251013
2026-01-16,426049,25063,1.509455553,414484,806,3414.173076923,106090.987730061,93.3,2.9,13732,16604,6447,3688,840533,132592,256990
2026-01-23,423754,24785,1.529088778,414999,515,-2571.653846154,103795.987730061,90.9,0.5,13696,16209,5642,4589,838753,132921,257213
2026-01-30,420299,24042,1.49990642,415213,214,-3620.923076923,100340.987730061,90.5,0.1,13215,16029,6201,4047,835512,127368,257898
2026-02-06,428829,25113,1.5695625,415212,-1,8597.134615385,103144.295302013,89.4,-1,13713,16000,6805,3739,844041,124665,259058
2026-02-13,419815,24018,1.493935436,415441,229,-9032.634615385,94130.295302013,91,0.6,13735,16077,6524,4590,835256,120099,255845
2026-02-20,435804,24899,1.589872933,415441,0,16232.807692308,110119.295302013,88.6,-1.8,13702,15661,6659,4313,851245,120351,254834
2026-02-27,439279,26463,1.670538476,415441,0,3366.48076923,113594.295302013,89.2,-1.2,13696,15841,6324,3997,854720,120780,253130
2026-03-06,443103,26580,1.64388645,415442,1,3718.153846154,109499.10909091,90.8,0.4,13678,16169,6422,3434,858545,119431,249476
2026-03-13,449259,27524,1.695662888,415442,0,6004.461538462,115655.10909091,91.4,1,13668,16232,7194,4898,864701,116904,244040
2026-03-20,456185,30945,1.86438125,415442,0,6689.634615385,122581.10909091,92.9,2.5,13657,16598,6464,3322,871627,119936,241447
2026-03-27,461636,31465,1.921057452,415064,-378,5017.192307692,128032.10909091,92.1,1.7,13657,16379,6454,3521,876700,117825,240861
2026-04-03,464717,31489,1.937784615,413325,-1739,2660.923076923,124348.592356688,92,1.6,13596,16250,6324,4149,878042,114681,239272
2026-04-10,463804,29762,1.855254956,409181,-4144,-1343.23076923,123435.592356688,89.6,-0.8,13596,16042,5291,5225,872985,111559,232944
2026-04-17,465729,30568,1.912053544,405045,-4136,1522.23076923,125360.592356688,89.1,-1.3,13585,15987,6078,4798,870774,108132,228374
2026-04-24,459495,29772,1.8525294,397924,-7121,-6669.096153846,119126.592356688,89.6,-0.8,13586,16071,5750,6438,857419,103638,222299
2026-05-01,457182,29124,1.816956766,392700,-5224,-2680.057692308,113277.265432099,90.1,-0.3,13573,16029,5477,4750,849882,102344,219795
2026-05-08,452876,27422,1.672175133,384095,-8605,-4667.653846154,108971.265432099,91.7,1.3,13710,16399,5901,5492,836971,102534,215711
2026-05-15,445013,25818,1.582082235,374175,-9920,-8075.423076923,101108.265432099,91.6,1.2,13702,16319,6016,5604,819188,102906,214163
2026-05-22,441686,23024,1.356667256,365112,-9063,-3362.673076923,97781.265432099,94.5,4.1,13715,16971,5212,4440,806798,100799,211591
2026-05-29,433712,22441,1.329364374,357119,-7993,-7999.442307692,89807.265432099,94.7,4.3,13707,16881,6397,5874,790831,102301,214955
2026-06-05,426485,21640,1.275792949,349192,-7927,-7181.865384615,84434.660377358,95.3,4.9,13799,16962,5888,4840,775677,102101,215141
2026-06-12,418222,20034,1.165309446,340251,-8941,-8148.961538462,76171.660377358,96.7,6.3,13806,17192,5134,4327,758473,103052,214235
2026-06-19,412134,18957,1.107883817,331191,-9060,-6035.692307692,70083.660377358,96.1,5.7,13819,17111,5570,4669,743325,106116,216299
2026-06-26,408359,19666,1.143638055,325655,-5536,-3717.846153846,66308.660377358,96.6,6.2,13810,17196,5279,4008,734014,108599,213966
2026-07-03,411357,19614,1.152138158,319489,-6166,3201.692307692,76606.969325153,95.8,5.4,13860,17024,5629,3262,730846,103619,212062
2026-07-10,409665,20044,1.170589266,316504,-2985,-1410,74914.969325153,96.2,5.8,13861,17123,5689,3721,726169,108175,210529
2026-07-17,411675,19370,1.135071784,311447,-5057,2250.326923077,76924.969325153,96.1,5.7,13798,17065,5806,3353,723122,109570,211294
2026-07-24,404508,18599,1.072854176,307650,-3797,-7026.26923077,69757.969325153,97.2,6.8,13796,17336,5683,3467,712158,110632,211301
2026-07-31,406987,20955,1.22165219,304809,-2841,2905.596153846,72236.969325153,96.5,6.1,13804,17153,6198,3685,711796,107159,209658
2026-08-07,424410,22566,1.313580534,298694,-6115,17743.673076923,95611.670658683,96.2,5.8,13805,17179,7339,3058,723104,107149,208690
2026-08-14,428815,21252,1.221730382,293426,-5268,4449,100016.670658683,97.2,6.8,13830,17395,6593,4066,722241,105619,209378
2026-08-21,428910,22428,1.289484275,289726,-3700,-61.365384615,100111.670658683,97.4,7,13843,17393,6158,3792,718636,103391,206842
2026-08-28,424460,22508,1.286465478,286604,-3122,-4654.192307692,95661.670658683,98,7.6,13862,17496,6770,4483,711064,104187,205669
2026-09-04,424069,21824,1.240987149,285360,-1244,-463.173076923,100173.35625,97.8,7.4,13947,17586,6824,3417,709429,106274,206938
2026-09-11,423429,21482,1.239584535,284957,-403,-628.903846154,99533.35625,96.8,6.4,13944,17330,7058,4831,708386,107859,207732
2026-09-18,426398,23748,1.412646481,284552,-405,2813.846153846,102502.35625,94,3.6,13939,16811,5877,3281,710950,107431,206046
2026-09-25,427320,24301,1.49480224,283767,-785,698.076923077,103424.35625,92.5,2.1,13955,16257,5698,3570,711087,105180,204362
